GROUP,PACKAGE,CLASS,INSTRUCTION_MISSED,INSTRUCTION_COVERED,BRANCH_MISSED,BRANCH_COVERED,LINE_MISSED,LINE_COVERED,COMPLEXITY_MISSED,COMPLEXITY_COVERED,METHOD_MISSED,METHOD_COVERED
AlgorithmName2,com.fasterxml.jackson.core.filter,TokenFilter,69,0,2,0,26,0,25,0,24,0
AlgorithmName2,com.fasterxml.jackson.core.filter,FilteringGeneratorDelegate,1029,0,230,0,336,0,160,0,45,0
AlgorithmName2,com.fasterxml.jackson.core.filter,FilteringParserDelegate,1378,0,269,0,380,0,192,0,53,0
AlgorithmName2,com.fasterxml.jackson.core.filter,TokenFilterContext,473,0,88,0,137,0,67,0,23,0
AlgorithmName2,com.fasterxml.jackson.core.filter,JsonPointerBasedFilter,69,0,8,0,21,0,12,0,8,0
AlgorithmName2,com.fasterxml.jackson.core.io,JsonStringEncoder,828,0,98,0,198,0,60,0,11,0
AlgorithmName2,com.fasterxml.jackson.core.io,SegmentedStringWriter,88,0,0,0,21,0,12,0,12,0
AlgorithmName2,com.fasterxml.jackson.core.io,IOContext,192,89,21,1,47,21,27,10,16,10
AlgorithmName2,com.fasterxml.jackson.core.io,NumberOutput,946,0,98,0,208,0,64,0,15,0
AlgorithmName2,com.fasterxml.jackson.core.io,InputDecorator,3,0,0,0,1,0,1,0,1,0
AlgorithmName2,com.fasterxml.jackson.core.io,UTF32Reader,486,31,56,2,85,10,37,2,9,1
AlgorithmName2,com.fasterxml.jackson.core.io,MergedStream,191,18,30,0,45,7,25,1,10,1
AlgorithmName2,com.fasterxml.jackson.core.io,CharTypes,98,330,10,22,25,80,12,17,7,6
AlgorithmName2,com.fasterxml.jackson.core.io,CharacterEscapes,10,0,0,0,3,0,2,0,2,0
AlgorithmName2,com.fasterxml.jackson.core.io,SerializedString,324,11,39,1,93,5,38,2,18,2
AlgorithmName2,com.fasterxml.jackson.core.io,UTF8Writer,890,0,100,0,186,0,62,0,12,0
AlgorithmName2,com.fasterxml.jackson.core.io,NumberInput,630,0,110,0,142,0,71,0,16,0
AlgorithmName2,com.fasterxml.jackson.core.io,OutputDecorator,3,0,0,0,1,0,1,0,1,0
AlgorithmName2,com.fasterxml.jackson.core.type,TypeReference,27,0,2,0,8,0,4,0,3,0
AlgorithmName2,com.fasterxml.jackson.core.type,ResolvedType,12,0,2,0,3,0,4,0,3,0
AlgorithmName2,com.fasterxml.jackson.core.base,GeneratorBase,415,42,56,2,110,13,57,3,28,3
AlgorithmName2,com.fasterxml.jackson.core.base,ParserMinimalBase,657,4,135,0,170,1,112,1,37,1
AlgorithmName2,com.fasterxml.jackson.core.base,ParserBase,1561,63,235,1,358,18,175,2,57,2
AlgorithmName2,com.example.algorithm2,Algorithm2,42,0,8,0,9,0,7,0,3,0
AlgorithmName2,com.fasterxml.jackson.core.json,PackageVersion,5,6,0,0,2,1,2,1,2,1
AlgorithmName2,com.fasterxml.jackson.core.json,UTF8JsonGenerator,4412,104,538,1,1005,14,346,2,74,2
AlgorithmName2,com.fasterxml.jackson.core.json,JsonGeneratorImpl,89,28,12,2,27,8,17,2,10,2
AlgorithmName2,com.fasterxml.jackson.core.json,ReaderBasedJsonParser,5443,64,1025,0,1357,21,609,3,71,3
AlgorithmName2,com.fasterxml.jackson.core.json,JsonWriteContext,284,22,36,0,68,7,34,2,16,2
AlgorithmName2,com.fasterxml.jackson.core.json,DupDetector,106,0,14,0,29,0,15,0,8,0
AlgorithmName2,com.fasterxml.jackson.core.json,ByteSourceJsonBootstrapper,290,454,79,53,87,97,48,35,3,11
AlgorithmName2,com.fasterxml.jackson.core.json,JsonReadContext,254,30,26,0,60,9,30,2,16,2
AlgorithmName2,com.fasterxml.jackson.core.json,WriterBasedJsonGenerator,3974,21,485,0,962,6,310,2,65,2
AlgorithmName2,com.fasterxml.jackson.core.json,UTF8StreamJsonParser,7801,43,1229,0,1803,14,747,2,98,2
AlgorithmName2,com.fasterxml.jackson.core.format,InputAccessor.Std,161,0,12,0,39,0,13,0,7,0
AlgorithmName2,com.fasterxml.jackson.core.format,DataFormatDetector,216,0,22,0,47,0,22,0,11,0
AlgorithmName2,com.fasterxml.jackson.core.format,MatchStrength,0,54,0,0,0,6,0,1,0,1
AlgorithmName2,com.fasterxml.jackson.core.format,DataFormatMatcher,93,0,10,0,20,0,12,0,7,0
AlgorithmName2,com.fasterxml.jackson.core,JsonParser.Feature,2,180,1,5,0,24,1,8,0,6
AlgorithmName2,com.fasterxml.jackson.core,ObjectCodec,11,0,0,0,4,0,4,0,4,0
AlgorithmName2,com.fasterxml.jackson.core,JsonGenerationException,49,0,0,0,18,0,8,0,8,0
AlgorithmName2,com.fasterxml.jackson.core,Base64Variants,114,0,10,0,22,0,9,0,4,0
AlgorithmName2,com.fasterxml.jackson.core,JsonParseException,63,0,4,0,19,0,10,0,8,0
AlgorithmName2,com.fasterxml.jackson.core,JsonParser.NumberType,64,0,0,0,2,0,1,0,1,0
AlgorithmName2,com.fasterxml.jackson.core,TreeCodec,3,0,0,0,1,0,1,0,1,0
AlgorithmName2,com.fasterxml.jackson.core,JsonToken,299,0,28,0,41,0,25,0,11,0
AlgorithmName2,com.fasterxml.jackson.core,JsonLocation,191,0,24,0,41,0,23,0,11,0
AlgorithmName2,com.fasterxml.jackson.core,JsonPointer,534,0,96,0,130,0,76,0,28,0
AlgorithmName2,com.fasterxml.jackson.core,Base64Variant,1031,0,90,0,195,0,76,0,31,0
AlgorithmName2,com.fasterxml.jackson.core,JsonProcessingException,111,0,12,0,34,0,17,0,11,0
AlgorithmName2,com.fasterxml.jackson.core,JsonFactory.Feature,1,100,2,4,0,13,2,7,0,6
AlgorithmName2,com.fasterxml.jackson.core,JsonGenerator,669,3,81,0,218,1,103,1,56,1
AlgorithmName2,com.fasterxml.jackson.core,Version,213,40,34,4,38,9,32,4,15,2
AlgorithmName2,com.fasterxml.jackson.core,JsonParser,401,6,40,0,81,1,74,1,54,1
AlgorithmName2,com.fasterxml.jackson.core,JsonStreamContext,50,3,12,0,12,1,15,1,8,1
AlgorithmName2,com.fasterxml.jackson.core,JsonEncoding,0,92,0,0,0,14,0,5,0,5
AlgorithmName2,com.fasterxml.jackson.core,JsonFactory,238,727,45,41,52,146,43,77,8,69
AlgorithmName2,com.fasterxml.jackson.core,JsonGenerator.Feature,0,171,0,6,0,23,0,9,0,6
AlgorithmName2,com.fasterxml.jackson.core.util,ByteArrayBuilder,396,0,28,0,88,0,37,0,23,0
AlgorithmName2,com.fasterxml.jackson.core.util,InternCache,53,0,6,0,13,0,6,0,3,0
AlgorithmName2,com.fasterxml.jackson.core.util,DefaultPrettyPrinter.FixedSpaceIndenter,14,0,0,0,5,0,4,0,4,0
AlgorithmName2,com.fasterxml.jackson.core.util,JsonGeneratorDelegate,458,0,16,0,113,0,84,0,76,0
AlgorithmName2,com.fasterxml.jackson.core.util,MinimalPrettyPrinter,55,0,2,0,27,0,14,0,13,0
AlgorithmName2,com.fasterxml.jackson.core.util,JsonParserSequence,156,0,22,0,33,0,18,0,7,0
AlgorithmName2,com.fasterxml.jackson.core.util,DefaultIndenter,140,0,10,0,34,0,14,0,9,0
AlgorithmName2,com.fasterxml.jackson.core.util,DefaultPrettyPrinter,319,6,40,0,90,1,46,1,26,1
AlgorithmName2,com.fasterxml.jackson.core.util,VersionUtil,156,84,15,9,40,13,18,4,7,3
AlgorithmName2,com.fasterxml.jackson.core.util,JsonParserDelegate,317,0,0,0,79,0,70,0,70,0
AlgorithmName2,com.fasterxml.jackson.core.util,TextBuffer,1044,10,140,0,267,4,102,2,32,2
AlgorithmName2,com.fasterxml.jackson.core.util,BufferRecycler,30,125,8,4,6,28,8,11,2,11
AlgorithmName2,com.fasterxml.jackson.core.util,DefaultPrettyPrinter.NopIndenter,11,0,0,0,4,0,4,0,4,0
AlgorithmName2,com.fasterxml.jackson.core.sym,NameN,190,0,32,0,39,0,25,0,7,0
AlgorithmName2,com.fasterxml.jackson.core.sym,Name,25,0,2,0,8,0,6,0,5,0
AlgorithmName2,com.fasterxml.jackson.core.sym,CharsToNameCanonicalizer.Bucket,47,0,8,0,12,0,6,0,2,0
AlgorithmName2,com.fasterxml.jackson.core.sym,ByteQuadsCanonicalizer.TableInfo,31,48,0,0,9,12,1,2,1,2
AlgorithmName2,com.fasterxml.jackson.core.sym,ByteQuadsCanonicalizer,2231,147,263,3,408,38,176,6,39,6
AlgorithmName2,com.fasterxml.jackson.core.sym,CharsToNameCanonicalizer,702,172,76,0,160,45,55,10,17,10
AlgorithmName2,com.fasterxml.jackson.core.sym,Name3,59,0,14,0,9,0,12,0,5,0
AlgorithmName2,com.fasterxml.jackson.core.sym,Name2,46,0,10,0,8,0,10,0,5,0
AlgorithmName2,com.fasterxml.jackson.core.sym,Name1,51,0,10,0,9,0,12,0,7,0
