project,bug_id,class,status,duration_sec
Lang,1,org.apache.commons.lang3.math.NumberUtils,ok,44
Lang,3,org.apache.commons.lang3.math.NumberUtils,ok,52
Lang,3,org.apache.commons.lang3.math.NumberUtils,ok,50
Lang,4,org.apache.commons.lang3.text.translate.LookupTranslator,ok,38
Lang,4,org.apache.commons.lang3.text.translate.LookupTranslator,ok,1
Lang,5,,checkout_failed,0
Lang,5,org.apache.commons.lang3.LocaleUtils,ok,35
Lang,6,org.apache.commons.lang3.text.translate.CharSequenceTranslator,ok,46
Lang,7,org.apache.commons.lang3.math.NumberUtils,ok,47
Lang,8,org.apache.commons.lang3.time.FastDatePrinter,ok,71
Lang,9,org.apache.commons.lang3.time.FastDateParser,ok,46
Lang,10,org.apache.commons.lang3.time.FastDateParser,ok,59
Lang,11,org.apache.commons.lang3.RandomStringUtils,ok,81
Lang,12,org.apache.commons.lang3.RandomStringUtils,ok,89
Lang,13,org.apache.commons.lang3.SerializationUtils,ok,37
Lang,14,org.apache.commons.lang3.StringUtils,ok,130
Lang,15,org.apache.commons.lang3.reflect.TypeUtils,ok,39
Lang,16,org.apache.commons.lang3.math.NumberUtils,ok,55
Lang,17,org.apache.commons.lang3.text.translate.CharSequenceTranslator,ok,43
Lang,19,org.apache.commons.lang3.text.translate.NumericEntityUnescaper,ok,37
Lang,20,org.apache.commons.lang3.StringUtils,ok,120
Lang,21,org.apache.commons.lang3.time.DateUtils,ok,62
Lang,22,org.apache.commons.lang3.math.Fraction,ok,48
Lang,23,org.apache.commons.lang3.text.ExtendedMessageFormat,ok,41
Lang,24,org.apache.commons.lang3.math.NumberUtils,ok,47
Lang,26,org.apache.commons.lang3.time.FastDateFormat,ok,66
Lang,27,org.apache.commons.lang3.math.NumberUtils,ok,49
Lang,28,org.apache.commons.lang3.text.translate.NumericEntityUnescaper,ok,35
Lang,29,org.apache.commons.lang3.SystemUtils,ok,39
Lang,30,org.apache.commons.lang3.StringUtils,ok,136
Lang,31,org.apache.commons.lang3.StringUtils,ok,103
Lang,32,org.apache.commons.lang3.builder.HashCodeBuilder,ok,39
Lang,33,org.apache.commons.lang3.ClassUtils,ok,40
Lang,34,org.apache.commons.lang3.builder.ToStringStyle,ok,52
Lang,35,org.apache.commons.lang3.ArrayUtils,ok,84
Lang,36,org.apache.commons.lang3.math.NumberUtils,ok,44
Lang,37,org.apache.commons.lang3.ArrayUtils,ok,81
Lang,38,org.apache.commons.lang3.time.FastDateFormat,ok,77
Lang,39,org.apache.commons.lang3.StringUtils,ok,123
Lang,40,org.apache.commons.lang.StringUtils,ok,104
Lang,41,org.apache.commons.lang.ClassUtils,ok,39
Lang,42,org.apache.commons.lang.Entities,ok,45
Lang,43,org.apache.commons.lang.text.ExtendedMessageFormat,ok,82
Lang,44,org.apache.commons.lang.NumberUtils,ok,38
Lang,45,org.apache.commons.lang.WordUtils,ok,41
Lang,46,org.apache.commons.lang.StringEscapeUtils,ok,38
Lang,47,org.apache.commons.lang.text.StrBuilder,ok,101
Lang,49,org.apache.commons.lang.math.Fraction,ok,50
Lang,50,org.apache.commons.lang.time.FastDateFormat,ok,64
Lang,51,org.apache.commons.lang.BooleanUtils,ok,43
Lang,52,org.apache.commons.lang.StringEscapeUtils,ok,37
Lang,53,org.apache.commons.lang.time.DateUtils,ok,66
Lang,54,org.apache.commons.lang.LocaleUtils,ok,36
Lang,55,org.apache.commons.lang.time.StopWatch,ok,36
Lang,56,org.apache.commons.lang.time.FastDateFormat,ok,69
Lang,57,org.apache.commons.lang.LocaleUtils,ok,37
Lang,58,org.apache.commons.lang.math.NumberUtils,ok,48
Lang,59,org.apache.commons.lang.text.StrBuilder,ok,103
Lang,60,org.apache.commons.lang.text.StrBuilder,ok,110
Lang,61,org.apache.commons.lang.text.StrBuilder,ok,89
Lang,62,org.apache.commons.lang.Entities,ok,45
Lang,63,org.apache.commons.lang.time.DurationFormatUtils,ok,67
Lang,64,org.apache.commons.lang.enums.ValuedEnum,ok,34
Lang,65,org.apache.commons.lang.time.DateUtils,ok,58
Math,1,org.apache.commons.math3.fraction.BigFraction,ok,38
Math,1,org.apache.commons.math3.fraction.Fraction,ok,32
Math,2,org.apache.commons.math3.distribution.HypergeometricDistribution,ok,47
Math,3,org.apache.commons.math3.util.MathArrays,ok,74
Math,4,org.apache.commons.math3.geometry.euclidean.threed.SubLine,ok,21
Math,4,org.apache.commons.math3.geometry.euclidean.twod.SubLine,ok,21
Math,5,org.apache.commons.math3.complex.Complex,ok,81
Math,6,org.apache.commons.math3.optim.BaseOptimizer,ok,16
Math,6,org.apache.commons.math3.optim.nonlinear.scalar.gradient.NonLinearConjugateGradientOptimizer,ok,15
Math,6,org.apache.commons.math3.optim.nonlinear.scalar.noderiv.CMAESOptimizer,ok,20
Math,6,org.apache.commons.math3.optim.nonlinear.scalar.noderiv.PowellOptimizer,ok,16
Math,6,org.apache.commons.math3.optim.nonlinear.scalar.noderiv.SimplexOptimizer,ok,15
Math,6,org.apache.commons.math3.optim.nonlinear.vector.jacobian.GaussNewtonOptimizer,ok,16
Math,6,org.apache.commons.math3.optim.nonlinear.vector.jacobian.LevenbergMarquardtOptimizer,ok,20
Math,7,org.apache.commons.math3.ode.AbstractIntegrator,ok,87
Math,8,org.apache.commons.math3.distribution.DiscreteDistribution,ok,48
Math,9,org.apache.commons.math3.geometry.euclidean.threed.Line,ok,38
Math,10,org.apache.commons.math3.analysis.differentiation.DSCompiler,ok,126
Math,11,org.apache.commons.math3.distribution.MultivariateNormalDistribution,ok,38
Math,12,org.apache.commons.math3.random.BitsStreamGenerator,ok,39
Math,13,org.apache.commons.math3.optimization.general.AbstractLeastSquaresOptimizer,ok,34
Math,14,org.apache.commons.math3.optim.nonlinear.vector.jacobian.AbstractLeastSquaresOptimizer,ok,23
Math,14,org.apache.commons.math3.optim.nonlinear.vector.Weight,ok,21
Math,15,org.apache.commons.math3.util.FastMath,ok,100
Math,16,org.apache.commons.math3.util.FastMath,ok,109
Math,17,org.apache.commons.math3.dfp.Dfp,ok,45
Math,18,org.apache.commons.math3.optimization.direct.CMAESOptimizer,ok,51
Math,19,org.apache.commons.math3.optimization.direct.CMAESOptimizer,ok,44
Math,20,org.apache.commons.math3.optimization.direct.CMAESOptimizer,ok,53
Math,21,org.apache.commons.math3.linear.RectangularCholeskyDecomposition,ok,37
Math,22,org.apache.commons.math3.distribution.FDistribution,ok,25
Math,22,org.apache.commons.math3.distribution.UniformRealDistribution,ok,23
Math,23,org.apache.commons.math3.optimization.univariate.BrentOptimizer,ok,49
Math,24,org.apache.commons.math3.optimization.univariate.BrentOptimizer,ok,51
Math,25,org.apache.commons.math3.optimization.fitting.HarmonicFitter,ok,81
Math,26,org.apache.commons.math3.fraction.Fraction,ok,48
Math,27,org.apache.commons.math3.fraction.Fraction,ok,42
Math,28,org.apache.commons.math3.optimization.linear.SimplexSolver,ok,37
Math,29,org.apache.commons.math3.linear.OpenMapRealVector,ok,95
Math,30,org.apache.commons.math3.stat.inference.MannWhitneyUTest,ok,35
Math,31,org.apache.commons.math3.util.ContinuedFraction,ok,34
Math,32,org.apache.commons.math3.geometry.euclidean.twod.PolygonsSet,ok,39
Math,33,org.apache.commons.math3.optimization.linear.SimplexTableau,ok,74
Math,34,org.apache.commons.math3.genetics.ListPopulation,ok,36
Math,35,org.apache.commons.math3.genetics.ElitisticListPopulation,ok,38
Math,36,org.apache.commons.math.fraction.BigFraction,ok,44
Math,37,org.apache.commons.math.complex.Complex,ok,135
Math,38,org.apache.commons.math.optimization.direct.BOBYQAOptimizer,ok,69
Math,39,org.apache.commons.math.ode.nonstiff.EmbeddedRungeKuttaIntegrator,ok,55
Math,40,org.apache.commons.math.analysis.solvers.BracketingNthOrderBrentSolver,ok,53
Math,41,org.apache.commons.math.stat.descriptive.moment.Variance,ok,40
Math,42,org.apache.commons.math.optimization.linear.SimplexTableau,ok,99
Math,43,org.apache.commons.math.stat.descriptive.SummaryStatistics,ok,40
Math,44,org.apache.commons.math.ode.AbstractIntegrator,ok,65
Math,45,org.apache.commons.math.linear.OpenMapRealMatrix,ok,51
Math,46,org.apache.commons.math.complex.Complex,ok,85
Math,47,org.apache.commons.math.complex.Complex,ok,78
Math,48,org.apache.commons.math.analysis.solvers.BaseSecantSolver,ok,58
Math,49,org.apache.commons.math.linear.OpenMapRealVector,ok,86
Math,50,org.apache.commons.math.analysis.solvers.BaseSecantSolver,ok,51
Math,51,org.apache.commons.math.analysis.solvers.BaseSecantSolver,ok,59
Math,52,org.apache.commons.math.geometry.euclidean.threed.Rotation,ok,55
Math,53,org.apache.commons.math.complex.Complex,ok,131
Math,54,org.apache.commons.math.dfp.Dfp,ok,47
Math,55,org.apache.commons.math.geometry.Vector3D,ok,53
Math,56,org.apache.commons.math.util.MultidimensionalCounter,ok,63
Math,57,org.apache.commons.math.stat.clustering.KMeansPlusPlusClusterer,ok,46
Math,58,org.apache.commons.math.optimization.fitting.GaussianFitter,ok,45
Math,59,org.apache.commons.math.util.FastMath,ok,78
Math,60,org.apache.commons.math.distribution.NormalDistributionImpl,ok,42
Math,61,org.apache.commons.math.distribution.PoissonDistributionImpl,ok,42
Math,62,org.apache.commons.math.optimization.univariate.MultiStartUnivariateRealOptimizer,ok,66
Math,63,org.apache.commons.math.util.MathUtils,ok,82
Math,64,org.apache.commons.math.optimization.general.LevenbergMarquardtOptimizer,ok,36
Math,65,org.apache.commons.math.optimization.general.AbstractLeastSquaresOptimizer,ok,46
Math,66,org.apache.commons.math.optimization.univariate.BrentOptimizer,ok,39
Math,67,org.apache.commons.math.optimization.MultiStartUnivariateRealOptimizer,ok,87
Math,68,org.apache.commons.math.optimization.general.LevenbergMarquardtOptimizer,ok,37
Math,69,org.apache.commons.math.stat.correlation.PearsonsCorrelation,ok,67
Math,70,org.apache.commons.math.analysis.solvers.BisectionSolver,ok,37
Math,71,org.apache.commons.math.ode.nonstiff.EmbeddedRungeKuttaIntegrator,ok,48
Math,71,org.apache.commons.math.ode.nonstiff.RungeKuttaIntegrator,ok,34
Math,72,org.apache.commons.math.analysis.solvers.BrentSolver,ok,40
Math,73,org.apache.commons.math.analysis.solvers.BrentSolver,ok,48
Math,74,org.apache.commons.math.ode.nonstiff.EmbeddedRungeKuttaIntegrator,ok,75
Math,75,org.apache.commons.math.stat.Frequency,ok,38
Math,76,org.apache.commons.math.linear.SingularValueDecompositionImpl,ok,43
Math,77,org.apache.commons.math.linear.ArrayRealVector,ok,46
Math,77,org.apache.commons.math.linear.OpenMapRealVector,ok,47
Math,78,org.apache.commons.math.ode.events.EventState,ok,64
Math,79,org.apache.commons.math.util.MathUtils,ok,78
Math,80,org.apache.commons.math.linear.EigenDecompositionImpl,ok,78
Math,81,org.apache.commons.math.linear.EigenDecompositionImpl,ok,80
Math,82,org.apache.commons.math.optimization.linear.SimplexSolver,ok,41
Math,83,org.apache.commons.math.optimization.linear.SimplexTableau,ok,56
Math,84,org.apache.commons.math.optimization.direct.MultiDirectional,ok,40
Math,85,org.apache.commons.math.analysis.solvers.UnivariateRealSolverUtils,ok,48
Math,86,org.apache.commons.math.linear.CholeskyDecompositionImpl,ok,37
Math,87,org.apache.commons.math.optimization.linear.SimplexTableau,ok,58
Math,88,org.apache.commons.math.optimization.linear.SimplexTableau,ok,76
Math,89,org.apache.commons.math.stat.Frequency,ok,35
Math,90,org.apache.commons.math.stat.Frequency,ok,37
Math,91,org.apache.commons.math.fraction.Fraction,ok,42
Math,92,org.apache.commons.math.util.MathUtils,ok,72
Math,93,org.apache.commons.math.util.MathUtils,ok,73
Math,94,org.apache.commons.math.util.MathUtils,ok,70
Math,95,org.apache.commons.math.distribution.FDistributionImpl,ok,4
Math,96,org.apache.commons.math.complex.Complex,ok,74
Math,97,org.apache.commons.math.analysis.BrentSolver,ok,50
Math,98,org.apache.commons.math.linear.BigMatrixImpl,ok,44
Math,98,org.apache.commons.math.linear.RealMatrixImpl,ok,54
Math,99,org.apache.commons.math.util.MathUtils,ok,57
Math,100,org.apache.commons.math.estimation.AbstractEstimator,ok,45
Math,101,org.apache.commons.math.complex.ComplexFormat,ok,43
Math,102,org.apache.commons.math.stat.inference.ChiSquareTestImpl,ok,40
Math,103,org.apache.commons.math.distribution.NormalDistributionImpl,ok,13
Math,104,org.apache.commons.math.special.Gamma,ok,67
Math,105,org.apache.commons.math.stat.regression.SimpleRegression,ok,37
Math,106,org.apache.commons.math.fraction.ProperFractionFormat,ok,40
Chart,1,org.jfree.chart.renderer.category.AbstractCategoryItemRenderer,ok,53
Chart,2,org.jfree.data.general.DatasetUtilities,ok,71
Chart,3,org.jfree.data.time.TimeSeries,ok,54
Chart,4,org.jfree.chart.plot.XYPlot,ok,110
Chart,5,org.jfree.data.xy.XYSeries,ok,47
Chart,6,org.jfree.chart.util.ShapeList,ok,34
Chart,7,org.jfree.data.time.TimePeriodValues,ok,47
Chart,8,org.jfree.data.time.Week,ok,44
Chart,9,org.jfree.data.time.TimeSeries,ok,51
Chart,10,org.jfree.chart.imagemap.StandardToolTipTagFragmentGenerator,ok,3
Chart,11,org.jfree.chart.util.ShapeUtilities,ok,45
Chart,12,org.jfree.chart.plot.MultiplePiePlot,ok,51
Chart,13,org.jfree.chart.block.BorderArrangement,ok,48
Chart,14,org.jfree.chart.plot.CategoryPlot,ok,69
Chart,14,org.jfree.chart.plot.XYPlot,ok,67
Chart,15,org.jfree.chart.plot.PiePlot,ok,87
Chart,16,org.jfree.data.category.DefaultIntervalCategoryDataset,ok,47
Chart,17,org.jfree.data.time.TimeSeries,ok,48
Chart,18,org.jfree.data.DefaultKeyedValues,ok,24
Chart,18,org.jfree.data.DefaultKeyedValues2D,ok,25
Chart,19,org.jfree.chart.plot.CategoryPlot,ok,92
Chart,20,org.jfree.chart.plot.ValueMarker,ok,40
Chart,21,org.jfree.data.statistics.DefaultBoxAndWhiskerCategoryDataset,ok,51
Chart,22,org.jfree.data.KeyedObjects2D,ok,43
Chart,23,org.jfree.chart.renderer.category.MinMaxCategoryRenderer,ok,44
Chart,24,org.jfree.chart.renderer.GrayPaintScale,ok,12
Chart,25,org.jfree.chart.renderer.category.StatisticalBarRenderer,ok,44
Chart,26,org.jfree.chart.axis.Axis,ok,54
Time,1,org.joda.time.field.UnsupportedDurationField,ok,22
Time,1,org.joda.time.Partial,ok,37
Time,2,org.joda.time.field.UnsupportedDurationField,ok,21
Time,2,org.joda.time.Partial,ok,34
Time,3,org.joda.time.MutableDateTime,ok,43
Time,4,org.joda.time.Partial,ok,46
Time,5,org.joda.time.Period,ok,53
Time,6,org.joda.time.chrono.GJChronology,ok,47
Time,7,org.joda.time.format.DateTimeFormatter,ok,46
Time,8,org.joda.time.DateTimeZone,ok,41
Time,9,org.joda.time.DateTimeZone,ok,45
Time,10,org.joda.time.base.BaseSingleFieldPeriod,ok,37
Time,11,org.joda.time.tz.ZoneInfoCompiler,ok,53
Time,12,org.joda.time.LocalDate,ok,41
Time,12,org.joda.time.LocalDateTime,ok,44
Time,13,org.joda.time.format.PeriodFormatterBuilder,ok,84
Time,14,org.joda.time.chrono.BasicMonthOfYearDateTimeField,ok,41
Time,15,org.joda.time.field.FieldUtils,ok,40
Time,16,org.joda.time.format.DateTimeFormatter,ok,44
Time,17,org.joda.time.DateTimeZone,ok,41
Time,18,org.joda.time.chrono.GJChronology,ok,50
Time,19,org.joda.time.DateTimeZone,ok,44
Time,20,org.joda.time.format.DateTimeFormatterBuilder,ok,103
Time,22,org.joda.time.base.BasePeriod,ok,42
Time,23,org.joda.time.DateTimeZone,ok,46
Time,24,org.joda.time.format.DateTimeParserBucket,ok,48
Time,25,org.joda.time.DateTimeZone,ok,38
Time,26,org.joda.time.chrono.ZonedChronology,ok,36
Time,26,org.joda.time.DateTimeZone,ok,35
Time,26,org.joda.time.field.LenientDateTimeField,ok,7
Time,27,org.joda.time.format.PeriodFormatterBuilder,ok,69
Cli,1,org.apache.commons.cli.CommandLine,evosuite_failed,0
Cli,2,org.apache.commons.cli.PosixParser,evosuite_failed,0
Cli,3,org.apache.commons.cli.TypeHandler,evosuite_failed,1
Cli,4,org.apache.commons.cli.Parser,ok,37
Cli,5,org.apache.commons.cli.Util,ok,34
Cli,7,org.apache.commons.cli2.builder.PatternBuilder,evosuite_failed,0
Cli,8,org.apache.commons.cli.HelpFormatter,ok,70
Cli,9,org.apache.commons.cli.Parser,ok,44
Cli,10,org.apache.commons.cli.Parser,ok,40
Cli,11,org.apache.commons.cli.HelpFormatter,ok,109
Cli,12,org.apache.commons.cli.GnuParser,ok,34
Cli,13,org.apache.commons.cli2.WriteableCommandLine,evosuite_failed,0
Cli,13,org.apache.commons.cli2.commandline.WriteableCommandLineImpl,evosuite_failed,1
Cli,13,org.apache.commons.cli2.option.ArgumentImpl,evosuite_failed,0
Cli,14,org.apache.commons.cli2.option.GroupImpl,evosuite_failed,1
Cli,15,org.apache.commons.cli2.commandline.WriteableCommandLineImpl,evosuite_failed,0
Cli,16,org.apache.commons.cli2.Option,evosuite_failed,1
Cli,16,org.apache.commons.cli2.commandline.WriteableCommandLineImpl,evosuite_failed,0
Cli,16,org.apache.commons.cli2.option.GroupImpl,evosuite_failed,1
Cli,16,org.apache.commons.cli2.option.OptionImpl,evosuite_failed,1
Cli,17,org.apache.commons.cli.PosixParser,ok,37
Cli,18,org.apache.commons.cli.PosixParser,ok,35
Cli,19,org.apache.commons.cli.PosixParser,ok,36
Cli,20,org.apache.commons.cli.PosixParser,ok,36
Cli,21,org.apache.commons.cli2.WriteableCommandLine,evosuite_failed,0
Cli,21,org.apache.commons.cli2.commandline.WriteableCommandLineImpl,evosuite_failed,1
Cli,21,org.apache.commons.cli2.option.GroupImpl,evosuite_failed,0
Cli,22,org.apache.commons.cli.PosixParser,ok,35
Cli,23,org.apache.commons.cli.HelpFormatter,ok,68
Cli,24,org.apache.commons.cli.HelpFormatter,ok,70
Cli,25,org.apache.commons.cli.HelpFormatter,ok,61
Cli,26,org.apache.commons.cli.OptionBuilder,ok,36
Cli,27,org.apache.commons.cli.OptionGroup,ok,34
Cli,28,org.apache.commons.cli.Parser,ok,40
Cli,29,org.apache.commons.cli.Util,ok,35
Cli,30,org.apache.commons.cli.DefaultParser,ok,22
Cli,30,org.apache.commons.cli.Parser,ok,21
Cli,31,org.apache.commons.cli.HelpFormatter,ok,68
Cli,31,org.apache.commons.cli.Option,ok,23
Cli,31,org.apache.commons.cli.OptionBuilder,ok,15
Cli,32,org.apache.commons.cli.HelpFormatter,ok,136
Cli,33,org.apache.commons.cli.HelpFormatter,ok,124
Cli,34,org.apache.commons.cli.Option,ok,25
Cli,34,org.apache.commons.cli.OptionBuilder,ok,20
Cli,35,org.apache.commons.cli.Options,ok,35
Cli,36,org.apache.commons.cli.OptionGroup,ok,20
Cli,36,org.apache.commons.cli.Options,ok,23
Cli,37,org.apache.commons.cli.DefaultParser,ok,38
Cli,38,org.apache.commons.cli.DefaultParser,ok,43
Cli,39,org.apache.commons.cli.TypeHandler,ok,34
Cli,40,org.apache.commons.cli.TypeHandler,ok,35
Codec,1,org.apache.commons.codec.language.Caverphone,ok,14
Codec,1,org.apache.commons.codec.language.Metaphone,ok,20
Codec,1,org.apache.commons.codec.language.SoundexUtils,ok,15
Codec,2,org.apache.commons.codec.binary.Base64,ok,44
Codec,3,org.apache.commons.codec.language.DoubleMetaphone,ok,65
Codec,4,org.apache.commons.codec.binary.Base64,ok,42
Codec,5,org.apache.commons.codec.binary.Base64,ok,41
Codec,6,org.apache.commons.codec.binary.Base64InputStream,ok,37
Codec,7,org.apache.commons.codec.binary.Base64,ok,44
Codec,8,org.apache.commons.codec.binary.Base64,ok,27
Codec,8,org.apache.commons.codec.binary.Base64InputStream,ok,21
Codec,9,org.apache.commons.codec.binary.Base64,ok,41
Codec,10,org.apache.commons.codec.language.Caverphone,ok,33
Codec,11,org.apache.commons.codec.net.QuotedPrintableCodec,ok,35
Codec,12,org.apache.commons.codec.binary.BaseNCodecInputStream,ok,38
Codec,13,org.apache.commons.codec.binary.CharSequenceUtils,ok,0
Codec,13,org.apache.commons.codec.binary.StringUtils,ok,4
Codec,13,org.apache.commons.codec.language.DoubleMetaphone,ok,28
Codec,14,org.apache.commons.codec.language.bm.Lang,ok,2
Codec,14,org.apache.commons.codec.language.bm.PhoneticEngine,ok,15
Codec,14,org.apache.commons.codec.language.bm.Rule,ok,2
Codec,14,src.main.resources.org.apache.commons.codec.language.bm.ash_lang.txt,ok,0
Codec,14,src.main.resources.org.apache.commons.codec.language.bm.gen_lang.txt,ok,1
Codec,14,src.main.resources.org.apache.commons.codec.language.bm.sep_lang.txt,ok,0
Codec,15,org.apache.commons.codec.language.Soundex,ok,35
Codec,16,org.apache.commons.codec.binary.Base32,ok,38
Codec,17,org.apache.commons.codec.binary.StringUtils,ok,5
Codec,18,org.apache.commons.codec.binary.StringUtils,ok,5
Collections,1,org.apache.commons.collections.map.Flat3Map,ok,84
Collections,2,org.apache.commons.collections.ExtendedProperties,ok,46
Collections,3,org.apache.commons.collections.CollectionUtils,ok,46
Collections,4,org.apache.commons.collections.map.MultiValueMap,ok,40
Collections,5,org.apache.commons.collections.list.SetUniqueList,ok,36
Collections,6,org.apache.commons.collections.map.Flat3Map,ok,52
Collections,7,org.apache.commons.collections.ExtendedProperties,ok,48
Collections,8,org.apache.commons.collections.buffer.UnboundedFifoBuffer,ok,45
Collections,9,org.apache.commons.collections.ExtendedProperties,ok,49
Collections,10,org.apache.commons.collections.map.MultiValueMap,ok,38
Collections,11,org.apache.commons.collections.keyvalue.MultiKey,ok,38
Collections,12,org.apache.commons.collections.ExtendedProperties,ok,48
Collections,13,org.apache.commons.collections.ExtendedProperties,ok,45
Collections,14,org.apache.commons.collections.map.CaseInsensitiveMap,ok,33
Collections,15,org.apache.commons.collections.list.SetUniqueList,ok,39
Collections,16,org.apache.commons.collections.list.SetUniqueList,ok,38
Collections,17,org.apache.commons.collections.functors.EqualPredicate,ok,4
Collections,18,org.apache.commons.collections.set.ListOrderedSet,ok,36
Collections,19,org.apache.commons.collections.list.SetUniqueList,ok,37
Collections,20,org.apache.commons.collections.list.TreeList,ok,58
Collections,21,org.apache.commons.collections4.list.SetUniqueList,ok,36
Collections,22,org.apache.commons.collections4.map.ListOrderedMap,ok,37
Collections,23,org.apache.commons.collections4.trie.UnmodifiableTrie,ok,34
Collections,24,org.apache.commons.collections4.collection.UnmodifiableBoundedCollection,ok,35
Collections,25,org.apache.commons.collections4.IteratorUtils,ok,39
Collections,26,org.apache.commons.collections4.keyvalue.MultiKey,ok,34
Collections,27,org.apache.commons.collections4.map.MultiValueMap,ok,37
Collections,28,org.apache.commons.collections4.trie.AbstractPatriciaTrie,ok,59
Compress,1,org.apache.commons.compress.archivers.cpio.CpioArchiveOutputStream,ok,41
Compress,2,org.apache.commons.compress.archivers.ar.ArArchiveInputStream,ok,52
Compress,3,org.apache.commons.compress.archivers.tar.TarArchiveOutputStream,ok,38
Compress,4,org.apache.commons.compress.archivers.cpio.CpioArchiveOutputStream,ok,17
Compress,4,org.apache.commons.compress.archivers.tar.TarArchiveOutputStream,ok,25
Compress,4,org.apache.commons.compress.archivers.zip.ZipArchiveOutputStream,ok,15
Compress,4,org.apache.commons.compress.changes.ChangeSetPerformer,ok,17
Compress,5,org.apache.commons.compress.archivers.zip.ZipArchiveInputStream,ok,40
Compress,6,org.apache.commons.compress.archivers.zip.ZipArchiveEntry,ok,38
Compress,7,org.apache.commons.compress.archivers.tar.TarUtils,ok,39
Compress,8,org.apache.commons.compress.archivers.tar.TarUtils,ok,40
Compress,9,org.apache.commons.compress.archivers.tar.TarArchiveOutputStream,ok,44
Compress,10,org.apache.commons.compress.archivers.zip.ZipFile,ok,38
Compress,11,org.apache.commons.compress.archivers.ArchiveStreamFactory,ok,39
Compress,12,org.apache.commons.compress.archivers.tar.TarArchiveInputStream,ok,42
Compress,13,org.apache.commons.compress.archivers.zip.ZipArchiveEntry,ok,52
Compress,14,org.apache.commons.compress.archivers.tar.TarUtils,ok,40
Compress,15,org.apache.commons.compress.archivers.zip.ZipArchiveEntry,ok,62
Compress,16,org.apache.commons.compress.archivers.ArchiveStreamFactory,ok,37
Compress,17,org.apache.commons.compress.archivers.tar.TarUtils,ok,40
Compress,18,org.apache.commons.compress.archivers.tar.TarArchiveOutputStream,ok,44
Compress,19,org.apache.commons.compress.archivers.zip.Zip64ExtendedInformationExtraField,ok,36
Compress,20,org.apache.commons.compress.archivers.cpio.CpioArchiveInputStream,ok,62
Compress,21,org.apache.commons.compress.archivers.sevenz.SevenZOutputFile,ok,62
Compress,22,org.apache.commons.compress.compressors.bzip2.BZip2CompressorInputStream,ok,37
Compress,23,org.apache.commons.compress.archivers.sevenz.Coders,ok,41
Compress,24,org.apache.commons.compress.archivers.tar.TarUtils,ok,41
Compress,25,org.apache.commons.compress.archivers.zip.ZipArchiveInputStream,ok,43
Compress,26,org.apache.commons.compress.utils.IOUtils,ok,37
Compress,27,org.apache.commons.compress.archivers.tar.TarUtils,ok,41
Compress,28,org.apache.commons.compress.archivers.tar.TarArchiveInputStream,ok,116
Compress,29,org.apache.commons.compress.archivers.ArchiveStreamFactory,ok,20
Compress,29,org.apache.commons.compress.archivers.cpio.CpioArchiveInputStream,ok,24
Compress,29,org.apache.commons.compress.archivers.cpio.CpioArchiveOutputStream,ok,31
Compress,29,org.apache.commons.compress.archivers.dump.DumpArchiveInputStream,ok,20
Compress,29,org.apache.commons.compress.archivers.tar.TarArchiveInputStream,ok,23
Compress,29,org.apache.commons.compress.archivers.tar.TarArchiveOutputStream,ok,30
Compress,29,org.apache.commons.compress.archivers.zip.ZipArchiveInputStream,ok,32
Compress,30,org.apache.commons.compress.compressors.bzip2.BZip2CompressorInputStream,ok,38
Compress,31,org.apache.commons.compress.archivers.tar.TarUtils,ok,41
Compress,32,org.apache.commons.compress.archivers.tar.TarArchiveInputStream,ok,41
Compress,33,org.apache.commons.compress.compressors.CompressorStreamFactory,ok,22
Compress,33,org.apache.commons.compress.compressors.deflate.DeflateCompressorInputStream,ok,21
Compress,34,org.apache.commons.compress.archivers.zip.X7875_NewUnix,ok,35
Compress,35,org.apache.commons.compress.archivers.tar.TarUtils,ok,41
Compress,36,org.apache.commons.compress.archivers.sevenz.SevenZFile,ok,37
Compress,37,org.apache.commons.compress.archivers.tar.TarArchiveInputStream,ok,44
Compress,38,org.apache.commons.compress.archivers.tar.TarArchiveEntry,ok,50
Compress,39,org.apache.commons.compress.utils.ArchiveUtils,ok,38
Compress,40,org.apache.commons.compress.utils.BitInputStream,ok,36
Compress,41,org.apache.commons.compress.archivers.zip.ZipArchiveInputStream,ok,43
Compress,42,org.apache.commons.compress.archivers.zip.UnixStat,ok,2
Compress,42,org.apache.commons.compress.archivers.zip.ZipArchiveEntry,ok,78
Compress,43,org.apache.commons.compress.archivers.zip.ZipArchiveOutputStream,ok,36
Compress,44,org.apache.commons.compress.utils.ChecksumCalculatingInputStream,ok,30
Compress,45,org.apache.commons.compress.archivers.tar.TarUtils,ok,41
Compress,46,org.apache.commons.compress.archivers.zip.X5455_ExtendedTimestamp,ok,38
Compress,47,org.apache.commons.compress.archivers.zip.ZipArchiveInputStream,ok,40
Csv,1,org.apache.commons.csv.ExtendedBufferedReader,ok,36
Csv,2,org.apache.commons.csv.CSVRecord,ok,34
Csv,3,org.apache.commons.csv.Lexer,ok,39
Csv,4,org.apache.commons.csv.CSVParser,ok,35
Csv,5,org.apache.commons.csv.CSVPrinter,ok,57
Csv,6,org.apache.commons.csv.CSVRecord,ok,34
Csv,7,org.apache.commons.csv.CSVParser,ok,36
Csv,8,org.apache.commons.csv.CSVFormat,ok,40
Csv,9,org.apache.commons.csv.CSVRecord,ok,34
Csv,10,org.apache.commons.csv.CSVPrinter,ok,48
Csv,11,org.apache.commons.csv.CSVParser,ok,49
Csv,12,org.apache.commons.csv.CSVFormat,ok,39
Csv,13,org.apache.commons.csv.CSVFormat,ok,26
Csv,13,org.apache.commons.csv.CSVPrinter,ok,30
Csv,14,org.apache.commons.csv.CSVFormat,ok,57
Csv,15,org.apache.commons.csv.CSVFormat,ok,52
Csv,16,org.apache.commons.csv.CSVParser,ok,38
Gson,1,com.google.gson.TypeInfoFactory,ok,34
Gson,2,com.google.gson.internal.bind.TypeAdapters,ok,47
Gson,3,com.google.gson.internal.ConstructorConstructor,ok,33
Gson,4,com.google.gson.stream.JsonReader,ok,38
Gson,4,com.google.gson.stream.JsonWriter,ok,22
Gson,5,com.google.gson.internal.bind.util.ISO8601Utils,ok,38
Gson,6,com.google.gson.internal.bind.JsonAdapterAnnotationTypeAdapterFactory,ok,36
Gson,7,com.google.gson.stream.JsonReader,ok,65
Gson,8,com.google.gson.internal.UnsafeAllocator,ok,4
Gson,9,com.google.gson.internal.bind.JsonTreeWriter,ok,15
Gson,9,com.google.gson.internal.bind.TypeAdapters,ok,19
Gson,9,com.google.gson.stream.JsonWriter,ok,18
Gson,10,com.google.gson.internal.bind.ReflectiveTypeAdapterFactory,ok,38
Gson,11,com.google.gson.internal.bind.TypeAdapters,ok,46
Gson,12,com.google.gson.internal.bind.JsonTreeReader,ok,37
Gson,13,com.google.gson.stream.JsonReader,ok,66
Gson,14,com.google.gson.internal.$Gson$Types,ok,38
Gson,15,com.google.gson.stream.JsonWriter,ok,37
Gson,16,com.google.gson.internal.$Gson$Types,ok,37
Gson,17,com.google.gson.DefaultDateTypeAdapter,ok,36
Gson,18,com.google.gson.internal.$Gson$Types,ok,37
JacksonCore,1,com.fasterxml.jackson.core.io.NumberInput,ok,23
JacksonCore,1,com.fasterxml.jackson.core.util.TextBuffer,ok,24
JacksonCore,2,com.fasterxml.jackson.core.json.ReaderBasedJsonParser,ok,44
JacksonCore,2,com.fasterxml.jackson.core.json.UTF8StreamJsonParser,ok,54
JacksonCore,3,com.fasterxml.jackson.core.json.UTF8StreamJsonParser,ok,71
JacksonCore,4,com.fasterxml.jackson.core.util.TextBuffer,ok,42
JacksonCore,5,com.fasterxml.jackson.core.JsonPointer,ok,37
JacksonCore,6,com.fasterxml.jackson.core.JsonPointer,ok,37
JacksonCore,7,com.fasterxml.jackson.core.json.JsonWriteContext,ok,37
JacksonCore,8,com.fasterxml.jackson.core.util.TextBuffer,ok,44
JacksonCore,9,com.fasterxml.jackson.core.base.ParserMinimalBase,ok,18
JacksonCore,9,com.fasterxml.jackson.core.json.ReaderBasedJsonParser,ok,40
JacksonCore,9,com.fasterxml.jackson.core.json.UTF8StreamJsonParser,ok,46
JacksonCore,10,com.fasterxml.jackson.core.sym.ByteQuadsCanonicalizer,ok,59
JacksonCore,11,com.fasterxml.jackson.core.sym.ByteQuadsCanonicalizer,ok,63
JacksonCore,12,com.fasterxml.jackson.core.json.ReaderBasedJsonParser,ok,55
JacksonCore,12,com.fasterxml.jackson.core.json.UTF8StreamJsonParser,ok,30
JacksonCore,13,com.fasterxml.jackson.core.json.JsonGeneratorImpl,ok,39
JacksonCore,14,com.fasterxml.jackson.core.io.IOContext,ok,7
JacksonCore,15,com.fasterxml.jackson.core.filter.FilteringParserDelegate,ok,42
JacksonCore,16,com.fasterxml.jackson.core.util.JsonParserSequence,ok,39
JacksonCore,17,com.fasterxml.jackson.core.json.UTF8JsonGenerator,ok,138
JacksonCore,18,com.fasterxml.jackson.core.base.GeneratorBase,ok,19
JacksonCore,18,com.fasterxml.jackson.core.json.UTF8JsonGenerator,ok,90
JacksonCore,18,com.fasterxml.jackson.core.json.WriterBasedJsonGenerator,ok,36
JacksonCore,19,com.fasterxml.jackson.core.json.ReaderBasedJsonParser,ok,51
JacksonCore,19,com.fasterxml.jackson.core.json.UTF8StreamJsonParser,ok,34
JacksonCore,20,com.fasterxml.jackson.core.JsonGenerator,ok,45
JacksonCore,21,com.fasterxml.jackson.core.filter.FilteringParserDelegate,ok,40
JacksonCore,22,com.fasterxml.jackson.core.filter.FilteringParserDelegate,ok,41
JacksonCore,23,com.fasterxml.jackson.core.util.DefaultPrettyPrinter,ok,37
JacksonCore,24,com.fasterxml.jackson.core.base.ParserBase,ok,27
JacksonCore,24,com.fasterxml.jackson.core.base.ParserMinimalBase,ok,27
JacksonCore,25,com.fasterxml.jackson.core.json.ReaderBasedJsonParser,ok,95
JacksonCore,26,com.fasterxml.jackson.core.json.async.NonBlockingJsonParser,ok,5
JacksonDatabind,1,com.fasterxml.jackson.databind.ser.BeanPropertyWriter,ok,37
JacksonDatabind,2,com.fasterxml.jackson.databind.util.TokenBuffer,ok,147
JacksonDatabind,3,com.fasterxml.jackson.databind.deser.std.StringArrayDeserializer,ok,44
JacksonDatabind,4,com.fasterxml.jackson.databind.deser.std.StringArrayDeserializer,ok,40
JacksonDatabind,5,com.fasterxml.jackson.databind.introspect.AnnotatedClass,ok,50
JacksonDatabind,6,com.fasterxml.jackson.databind.util.StdDateFormat,ok,41
JacksonDatabind,7,com.fasterxml.jackson.databind.util.TokenBuffer,ok,141
JacksonDatabind,8,com.fasterxml.jackson.databind.deser.impl.CreatorCollector,ok,43
JacksonDatabind,9,com.fasterxml.jackson.databind.ser.std.StdKeySerializer,ok,39
JacksonDatabind,10,com.fasterxml.jackson.databind.ser.AnyGetterWriter,ok,22
JacksonDatabind,10,com.fasterxml.jackson.databind.ser.BeanSerializerFactory,ok,23
JacksonDatabind,11,com.fasterxml.jackson.databind.type.TypeFactory,ok,55
JacksonDatabind,12,com.fasterxml.jackson.databind.deser.std.MapDeserializer,ok,41
JacksonDatabind,13,com.fasterxml.jackson.databind.deser.DefaultDeserializationContext,ok,22
JacksonDatabind,13,com.fasterxml.jackson.databind.deser.impl.ObjectIdValueProperty,ok,24
JacksonDatabind,14,com.fasterxml.jackson.databind.ObjectReader,ok,50
JacksonDatabind,15,com.fasterxml.jackson.databind.JavaType,ok,18
JacksonDatabind,15,com.fasterxml.jackson.databind.ser.BeanSerializerFactory,ok,18
JacksonDatabind,15,com.fasterxml.jackson.databind.ser.std.BeanSerializerBase,ok,20
JacksonDatabind,15,com.fasterxml.jackson.databind.ser.std.StdDelegatingSerializer,ok,18
JacksonDatabind,15,com.fasterxml.jackson.databind.ser.std.StdSerializer,ok,321
JacksonDatabind,16,com.fasterxml.jackson.databind.introspect.AnnotationMap,ok,34
JacksonDatabind,17,com.fasterxml.jackson.databind.ObjectMapper,ok,64
JacksonDatabind,18,com.fasterxml.jackson.databind.MappingIterator,ok,41
JacksonDatabind,19,com.fasterxml.jackson.databind.type.TypeFactory,ok,50
JacksonDatabind,20,com.fasterxml.jackson.databind.node.ObjectNode,ok,58
JacksonDatabind,21,com.fasterxml.jackson.databind.introspect.JacksonAnnotationIntrospector,ok,41
JacksonDatabind,22,com.fasterxml.jackson.databind.ser.BasicSerializerFactory,ok,27
JacksonDatabind,22,com.fasterxml.jackson.databind.ser.BeanSerializerFactory,ok,29
JacksonDatabind,23,com.fasterxml.jackson.databind.ser.std.NumberSerializers,ok,38
JacksonDatabind,24,com.fasterxml.jackson.databind.cfg.BaseSettings,ok,35
JacksonDatabind,25,com.fasterxml.jackson.databind.deser.BasicDeserializerFactory,ok,21
JacksonDatabind,25,com.fasterxml.jackson.databind.deser.DeserializerCache,ok,19
JacksonDatabind,25,com.fasterxml.jackson.databind.jsontype.impl.TypeDeserializerBase,ok,19
JacksonDatabind,25,com.fasterxml.jackson.databind.module.SimpleAbstractTypeResolver,ok,15
JacksonDatabind,26,com.fasterxml.jackson.databind.ser.BeanPropertyWriter,ok,42
JacksonDatabind,27,com.fasterxml.jackson.databind.deser.BeanDeserializer,ok,38
JacksonDatabind,28,com.fasterxml.jackson.databind.deser.std.JsonNodeDeserializer,ok,42
JacksonDatabind,29,com.fasterxml.jackson.databind.deser.impl.ExternalTypeHandler,ok,37
JacksonDatabind,30,com.fasterxml.jackson.databind.ObjectMapper,ok,46
JacksonDatabind,30,com.fasterxml.jackson.databind.util.TokenBuffer,ok,51
JacksonDatabind,31,com.fasterxml.jackson.databind.util.TokenBuffer,ok,143
JacksonDatabind,32,com.fasterxml.jackson.databind.deser.std.UntypedObjectDeserializer,ok,43
JacksonDatabind,33,com.fasterxml.jackson.databind.introspect.JacksonAnnotationIntrospector,ok,40
JacksonDatabind,34,com.fasterxml.jackson.databind.ser.std.NumberSerializer,ok,36
JacksonDatabind,35,com.fasterxml.jackson.databind.jsontype.impl.AsWrapperTypeDeserializer,ok,37
JacksonDatabind,36,com.fasterxml.jackson.databind.util.StdDateFormat,ok,47
JacksonDatabind,37,com.fasterxml.jackson.databind.type.SimpleType,ok,37
JacksonDatabind,38,com.fasterxml.jackson.databind.type.CollectionType,ok,7
JacksonDatabind,38,com.fasterxml.jackson.databind.type.MapType,ok,9
JacksonDatabind,38,com.fasterxml.jackson.databind.type.SimpleType,ok,18
JacksonDatabind,39,com.fasterxml.jackson.databind.deser.std.NullifyingDeserializer,ok,38
JacksonDatabind,40,com.fasterxml.jackson.databind.deser.std.NumberDeserializers,ok,43
JacksonDatabind,41,com.fasterxml.jackson.databind.type.TypeFactory,ok,62
JacksonDatabind,42,com.fasterxml.jackson.databind.deser.std.FromStringDeserializer,ok,38
JacksonDatabind,43,com.fasterxml.jackson.databind.deser.impl.ObjectIdValueProperty,ok,36
JacksonDatabind,44,com.fasterxml.jackson.databind.type.SimpleType,ok,38
JacksonDatabind,45,com.fasterxml.jackson.databind.ser.std.DateTimeSerializerBase,ok,37
JacksonDatabind,46,com.fasterxml.jackson.databind.type.ReferenceType,ok,42
JacksonDatabind,47,com.fasterxml.jackson.databind.AnnotationIntrospector,ok,39
JacksonDatabind,48,com.fasterxml.jackson.databind.DeserializationConfig,ok,34
JacksonDatabind,48,com.fasterxml.jackson.databind.SerializationConfig,ok,33
JacksonDatabind,49,com.fasterxml.jackson.databind.ser.impl.WritableObjectId,ok,37
JacksonDatabind,50,com.fasterxml.jackson.databind.deser.BeanDeserializer,ok,37
JacksonDatabind,51,com.fasterxml.jackson.databind.jsontype.impl.TypeDeserializerBase,ok,40
JacksonDatabind,52,com.fasterxml.jackson.databind.deser.BeanDeserializerBase,ok,25
JacksonDatabind,52,com.fasterxml.jackson.databind.deser.impl.ExternalTypeHandler,ok,21
JacksonDatabind,53,com.fasterxml.jackson.databind.type.TypeBindings,ok,25
JacksonDatabind,53,com.fasterxml.jackson.databind.type.TypeFactory,ok,40
JacksonDatabind,54,com.fasterxml.jackson.databind.ser.PropertyBuilder,ok,36
JacksonDatabind,55,com.fasterxml.jackson.databind.ser.std.StdKeySerializers,ok,38
JacksonDatabind,56,com.fasterxml.jackson.databind.deser.std.FromStringDeserializer,ok,43
JacksonDatabind,57,com.fasterxml.jackson.databind.ObjectReader,ok,51
JacksonDatabind,58,com.fasterxml.jackson.databind.deser.BeanDeserializerFactory,ok,40
JacksonDatabind,59,com.fasterxml.jackson.databind.JavaType,ok,19
JacksonDatabind,59,com.fasterxml.jackson.databind.type.CollectionLikeType,ok,18
JacksonDatabind,59,com.fasterxml.jackson.databind.type.MapLikeType,ok,20
JacksonDatabind,59,com.fasterxml.jackson.databind.type.TypeFactory,ok,33
JacksonDatabind,60,com.fasterxml.jackson.databind.ser.std.JsonValueSerializer,ok,36
JacksonDatabind,61,com.fasterxml.jackson.databind.ObjectMapper,ok,37
JacksonDatabind,61,com.fasterxml.jackson.databind.jsontype.impl.StdTypeResolverBuilder,ok,24
JacksonDatabind,62,com.fasterxml.jackson.databind.deser.std.CollectionDeserializer,ok,40
JacksonDatabind,63,com.fasterxml.jackson.databind.JsonMappingException,ok,39
JacksonDatabind,64,com.fasterxml.jackson.databind.ser.PropertyBuilder,ok,38
JacksonDatabind,66,com.fasterxml.jackson.databind.deser.std.StdKeyDeserializer,ok,39
JacksonDatabind,67,com.fasterxml.jackson.databind.deser.BasicDeserializerFactory,ok,45
JacksonDatabind,68,com.fasterxml.jackson.databind.deser.BeanDeserializerBase,ok,39
JacksonDatabind,69,com.fasterxml.jackson.databind.deser.impl.CreatorCollector,ok,40
JacksonDatabind,70,com.fasterxml.jackson.databind.deser.impl.BeanPropertyMap,ok,64
JacksonDatabind,71,com.fasterxml.jackson.databind.deser.std.StdKeyDeserializer,ok,39
JacksonDatabind,72,com.fasterxml.jackson.databind.deser.impl.InnerClassProperty,ok,37
JacksonDatabind,73,com.fasterxml.jackson.databind.introspect.POJOPropertiesCollector,ok,22
JacksonDatabind,73,com.fasterxml.jackson.databind.introspect.POJOPropertyBuilder,ok,27
JacksonDatabind,74,com.fasterxml.jackson.databind.jsontype.impl.AsPropertyTypeDeserializer,ok,38
JacksonDatabind,75,com.fasterxml.jackson.databind.ser.std.EnumSerializer,ok,38
JacksonDatabind,76,com.fasterxml.jackson.databind.deser.BuilderBasedDeserializer,ok,37
JacksonDatabind,77,com.fasterxml.jackson.databind.deser.BeanDeserializerFactory,ok,40
JacksonDatabind,78,com.fasterxml.jackson.databind.deser.BeanDeserializerFactory,ok,41
JacksonDatabind,79,com.fasterxml.jackson.databind.introspect.JacksonAnnotationIntrospector,ok,22
JacksonDatabind,79,com.fasterxml.jackson.databind.introspect.ObjectIdInfo,ok,17
JacksonDatabind,79,com.fasterxml.jackson.databind.ser.std.BeanSerializerBase,ok,20
JacksonDatabind,80,com.fasterxml.jackson.databind.jsontype.impl.StdSubtypeResolver,ok,36
JacksonDatabind,81,com.fasterxml.jackson.databind.introspect.JacksonAnnotationIntrospector,ok,44
JacksonDatabind,82,com.fasterxml.jackson.databind.deser.BeanDeserializerFactory,ok,43
JacksonDatabind,83,com.fasterxml.jackson.databind.deser.std.FromStringDeserializer,ok,40
JacksonDatabind,84,com.fasterxml.jackson.databind.type.ResolvedRecursiveType,ok,19
JacksonDatabind,85,com.fasterxml.jackson.databind.ser.std.DateTimeSerializerBase,ok,42
JacksonDatabind,86,com.fasterxml.jackson.databind.type.ResolvedRecursiveType,ok,18
JacksonDatabind,87,com.fasterxml.jackson.databind.util.StdDateFormat,ok,47
JacksonDatabind,88,com.fasterxml.jackson.databind.jsontype.impl.ClassNameIdResolver,ok,37
JacksonDatabind,90,com.fasterxml.jackson.databind.deser.ValueInstantiator,ok,23
JacksonDatabind,90,com.fasterxml.jackson.databind.deser.std.StdValueInstantiator,ok,25
JacksonDatabind,91,com.fasterxml.jackson.databind.deser.DeserializerCache,ok,40
JacksonDatabind,92,com.fasterxml.jackson.databind.deser.BeanDeserializerFactory,ok,41
JacksonDatabind,93,com.fasterxml.jackson.databind.jsontype.impl.SubTypeValidator,ok,36
JacksonDatabind,94,com.fasterxml.jackson.databind.jsontype.impl.SubTypeValidator,ok,36
JacksonDatabind,95,com.fasterxml.jackson.databind.type.TypeFactory,ok,40
JacksonDatabind,95,com.fasterxml.jackson.databind.type.TypeParser,ok,22
JacksonDatabind,96,com.fasterxml.jackson.databind.deser.BasicDeserializerFactory,ok,43
JacksonDatabind,97,com.fasterxml.jackson.databind.node.POJONode,ok,41
JacksonDatabind,98,com.fasterxml.jackson.databind.deser.impl.ExternalTypeHandler,ok,40
JacksonDatabind,99,com.fasterxml.jackson.databind.type.ReferenceType,ok,12
JacksonDatabind,100,com.fasterxml.jackson.databind.node.TreeTraversingParser,ok,41
JacksonDatabind,101,com.fasterxml.jackson.databind.deser.BeanDeserializer,ok,38
JacksonDatabind,102,com.fasterxml.jackson.databind.ser.std.DateTimeSerializerBase,ok,37
JacksonDatabind,103,com.fasterxml.jackson.databind.DatabindContext,ok,21
JacksonDatabind,103,com.fasterxml.jackson.databind.DeserializationContext,ok,27
JacksonDatabind,103,com.fasterxml.jackson.databind.JsonMappingException,ok,18
JacksonDatabind,103,com.fasterxml.jackson.databind.SerializerProvider,ok,28
JacksonDatabind,103,com.fasterxml.jackson.databind.deser.BasicDeserializerFactory,ok,20
JacksonDatabind,103,com.fasterxml.jackson.databind.deser.BeanDeserializerFactory,ok,20
JacksonDatabind,103,com.fasterxml.jackson.databind.deser.DeserializerCache,ok,23
JacksonDatabind,103,com.fasterxml.jackson.databind.deser.SettableAnyProperty,ok,19
JacksonDatabind,103,com.fasterxml.jackson.databind.deser.SettableBeanProperty,ok,24
JacksonDatabind,103,com.fasterxml.jackson.databind.deser.std.StdDeserializer,ok,22
JacksonDatabind,103,com.fasterxml.jackson.databind.deser.std.StdKeyDeserializer,ok,20
JacksonDatabind,103,com.fasterxml.jackson.databind.deser.std.StdValueInstantiator,ok,20
JacksonDatabind,103,com.fasterxml.jackson.databind.introspect.BasicBeanDescription,ok,20
JacksonDatabind,103,com.fasterxml.jackson.databind.ser.DefaultSerializerProvider,ok,19
JacksonDatabind,103,com.fasterxml.jackson.databind.ser.PropertyBuilder,ok,18
JacksonDatabind,103,com.fasterxml.jackson.databind.util.ClassUtil,ok,24
JacksonDatabind,104,com.fasterxml.jackson.databind.util.StdDateFormat,ok,40
JacksonDatabind,105,com.fasterxml.jackson.databind.deser.std.JdkDeserializers,ok,33
JacksonDatabind,106,com.fasterxml.jackson.databind.node.TreeTraversingParser,ok,38
JacksonDatabind,107,com.fasterxml.jackson.databind.jsontype.impl.TypeDeserializerBase,ok,42
JacksonDatabind,108,com.fasterxml.jackson.databind.ObjectReader,ok,54
JacksonDatabind,109,com.fasterxml.jackson.databind.ser.std.NumberSerializer,ok,23
JacksonDatabind,109,com.fasterxml.jackson.databind.ser.std.NumberSerializers,ok,22
JacksonDatabind,110,com.fasterxml.jackson.databind.deser.impl.JavaUtilCollectionsDeserializers,ok,37
JacksonDatabind,111,com.fasterxml.jackson.databind.deser.CreatorProperty,ok,18
JacksonDatabind,111,com.fasterxml.jackson.databind.deser.impl.FieldProperty,ok,17
JacksonDatabind,111,com.fasterxml.jackson.databind.deser.impl.MethodProperty,ok,16
JacksonDatabind,111,com.fasterxml.jackson.databind.deser.impl.ObjectIdReferenceProperty,ok,17
JacksonDatabind,111,com.fasterxml.jackson.databind.deser.impl.ObjectIdValueProperty,ok,18
JacksonDatabind,111,com.fasterxml.jackson.databind.deser.impl.SetterlessProperty,ok,17
JacksonDatabind,111,com.fasterxml.jackson.databind.deser.std.AtomicReferenceDeserializer,ok,9
JacksonDatabind,112,com.fasterxml.jackson.databind.deser.std.StringCollectionDeserializer,ok,41
JacksonXml,1,com.fasterxml.jackson.dataformat.xml.deser.FromXmlParser,ok,37
JacksonXml,2,com.fasterxml.jackson.dataformat.xml.deser.XmlTokenStream,ok,39
JacksonXml,3,com.fasterxml.jackson.dataformat.xml.deser.FromXmlParser,ok,37
JacksonXml,4,com.fasterxml.jackson.dataformat.xml.ser.XmlSerializerProvider,ok,39
JacksonXml,5,com.fasterxml.jackson.dataformat.xml.ser.XmlSerializerProvider,ok,38
JacksonXml,6,com.fasterxml.jackson.dataformat.xml.ser.ToXmlGenerator,ok,58
Jsoup,1,org.jsoup.nodes.Document,ok,6
Jsoup,2,org.jsoup.parser.Parser,ok,53
Jsoup,3,org.jsoup.nodes.Element,ok,23
Jsoup,3,org.jsoup.parser.Parser,ok,24
Jsoup,3,org.jsoup.parser.Tag,ok,17
Jsoup,4,org.jsoup.nodes.Entities,ok,34
Jsoup,5,org.jsoup.parser.Parser,ok,55
Jsoup,6,org.jsoup.nodes.Entities,ok,34
Jsoup,7,org.jsoup.nodes.Document,ok,36
Jsoup,8,org.jsoup.nodes.Node,ok,69
Jsoup,9,org.jsoup.nodes.Entities,ok,35
Jsoup,10,org.jsoup.nodes.Node,ok,75
Jsoup,11,org.jsoup.select.Selector,ok,47
Jsoup,12,org.jsoup.select.Selector,ok,54
Jsoup,13,org.jsoup.nodes.Node,ok,67
Jsoup,14,org.jsoup.parser.Tokeniser,ok,21
Jsoup,14,org.jsoup.parser.TokeniserState,ok,22
Jsoup,15,org.jsoup.parser.TreeBuilderState,ok,36
Jsoup,16,org.jsoup.nodes.DocumentType,ok,4
Jsoup,17,org.jsoup.parser.TreeBuilderState,ok,37
Jsoup,18,org.jsoup.parser.CharacterReader,ok,39
Jsoup,19,org.jsoup.safety.Whitelist,ok,39
Jsoup,20,org.jsoup.helper.DataUtil,ok,39
Jsoup,21,org.jsoup.select.CombiningEvaluator,ok,5
Jsoup,21,org.jsoup.select.QueryParser,ok,20
Jsoup,22,org.jsoup.nodes.Element,ok,24
Jsoup,22,org.jsoup.nodes.Node,ok,29
Jsoup,22,org.jsoup.select.Elements,ok,17
Jsoup,23,org.jsoup.parser.CharacterReader,ok,25
Jsoup,23,org.jsoup.parser.Tokeniser,ok,20
Jsoup,24,org.jsoup.parser.TokeniserState,ok,37
Jsoup,25,org.jsoup.parser.Tag,ok,35
Jsoup,26,org.jsoup.safety.Cleaner,ok,35
Jsoup,27,org.jsoup.helper.DataUtil,ok,37
Jsoup,28,org.jsoup.nodes.Entities,ok,14
Jsoup,28,org.jsoup.parser.Parser,ok,15
Jsoup,28,org.jsoup.parser.Tokeniser,ok,16
Jsoup,29,org.jsoup.nodes.Document,ok,36
Jsoup,30,org.jsoup.safety.Cleaner,ok,35
Jsoup,31,org.jsoup.parser.Token,ok,15
Jsoup,31,org.jsoup.parser.TokeniserState,ok,17
Jsoup,31,org.jsoup.parser.XmlTreeBuilder,ok,15
Jsoup,32,org.jsoup.nodes.Element,ok,74
Jsoup,33,org.jsoup.parser.HtmlTreeBuilder,ok,45
Jsoup,34,org.jsoup.parser.CharacterReader,ok,44
Jsoup,35,org.jsoup.parser.HtmlTreeBuilderState,ok,37
Jsoup,36,org.jsoup.helper.DataUtil,ok,38
Jsoup,37,org.jsoup.nodes.Element,ok,64
Jsoup,38,org.jsoup.parser.HtmlTreeBuilderState,ok,37
Jsoup,39,org.jsoup.helper.DataUtil,ok,38
Jsoup,40,org.jsoup.nodes.DocumentType,ok,5
Jsoup,41,org.jsoup.nodes.Element,ok,52
Jsoup,42,org.jsoup.nodes.FormElement,ok,35
Jsoup,43,org.jsoup.nodes.Element,ok,78
Jsoup,44,org.jsoup.parser.TreeBuilder,ok,35
Jsoup,45,org.jsoup.parser.HtmlTreeBuilder,ok,55
Jsoup,46,org.jsoup.nodes.Entities,ok,36
Jsoup,47,org.jsoup.nodes.Entities,ok,37
Jsoup,48,org.jsoup.helper.HttpConnection,ok,43
Jsoup,49,org.jsoup.nodes.Node,ok,71
Jsoup,50,org.jsoup.helper.DataUtil,ok,38
Jsoup,51,org.jsoup.parser.CharacterReader,ok,48
Jsoup,52,org.jsoup.helper.DataUtil,ok,19
Jsoup,52,org.jsoup.nodes.XmlDeclaration,ok,14
Jsoup,52,org.jsoup.parser.XmlTreeBuilder,ok,15
Jsoup,53,org.jsoup.parser.TokenQueue,ok,44
Jsoup,54,org.jsoup.helper.W3CDom,ok,35
Jsoup,55,org.jsoup.parser.TokeniserState,ok,37
Jsoup,56,org.jsoup.nodes.DocumentType,ok,8
Jsoup,56,org.jsoup.parser.HtmlTreeBuilderState,ok,16
Jsoup,56,org.jsoup.parser.Token,ok,16
Jsoup,56,org.jsoup.parser.TokeniserState,ok,16
Jsoup,56,org.jsoup.parser.XmlTreeBuilder,ok,16
Jsoup,57,org.jsoup.nodes.Attributes,ok,36
Jsoup,58,org.jsoup.Jsoup,ok,15
Jsoup,58,org.jsoup.parser.Parser,ok,16
Jsoup,58,org.jsoup.safety.Cleaner,ok,16
Jsoup,59,org.jsoup.parser.Token,ok,37
Jsoup,60,org.jsoup.parser.TokenQueue,ok,31
Jsoup,60,org.jsoup.select.QueryParser,ok,21
Jsoup,61,org.jsoup.nodes.Element,ok,65
Jsoup,62,org.jsoup.parser.HtmlTreeBuilderState,ok,37
Jsoup,63,org.jsoup.parser.HtmlTreeBuilder,ok,34
Jsoup,63,org.jsoup.parser.Tokeniser,ok,24
Jsoup,64,org.jsoup.parser.HtmlTreeBuilderState,ok,37
Jsoup,65,org.jsoup.parser.HtmlTreeBuilder,ok,35
Jsoup,65,org.jsoup.parser.HtmlTreeBuilderState,ok,22
Jsoup,66,org.jsoup.nodes.Element,ok,67
Jsoup,67,org.jsoup.parser.HtmlTreeBuilder,ok,49
Jsoup,68,org.jsoup.parser.HtmlTreeBuilder,ok,58
Jsoup,69,org.jsoup.nodes.FormElement,ok,37
Jsoup,70,org.jsoup.nodes.Element,ok,120
Jsoup,71,org.jsoup.nodes.PseudoTextElement,ok,1
Jsoup,71,org.jsoup.select.Evaluator,ok,29
Jsoup,71,org.jsoup.select.QueryParser,ok,15
Jsoup,72,org.jsoup.parser.CharacterReader,ok,56
Jsoup,73,org.jsoup.helper.W3CDom,ok,39
Jsoup,74,org.jsoup.helper.StringUtil,ok,40
Jsoup,75,org.jsoup.nodes.Attributes,ok,69
Jsoup,76,org.jsoup.parser.HtmlTreeBuilderState,ok,36
Jsoup,77,org.jsoup.parser.XmlTreeBuilder,ok,36
Jsoup,78,org.jsoup.helper.DataUtil,ok,47
Jsoup,79,org.jsoup.nodes.LeafNode,ok,38
Jsoup,80,org.jsoup.parser.XmlTreeBuilder,ok,36
Jsoup,81,org.jsoup.helper.DataUtil,ok,42
Jsoup,82,org.jsoup.helper.DataUtil,ok,55
Jsoup,83,org.jsoup.parser.CharacterReader,ok,40
Jsoup,83,org.jsoup.parser.TokeniserState,ok,22
Jsoup,84,org.jsoup.helper.W3CDom,ok,35
Jsoup,85,org.jsoup.nodes.Attribute,ok,37
Jsoup,86,org.jsoup.nodes.Comment,ok,40
Jsoup,87,org.jsoup.nodes.Element,ok,28
Jsoup,87,org.jsoup.parser.HtmlTreeBuilder,ok,32
Jsoup,87,org.jsoup.parser.HtmlTreeBuilderState,ok,17
Jsoup,87,org.jsoup.parser.Tag,ok,16
Jsoup,88,org.jsoup.nodes.Attribute,ok,38
Jsoup,89,org.jsoup.nodes.Attribute,ok,37
Jsoup,90,org.jsoup.helper.HttpConnection,ok,56
Jsoup,91,org.jsoup.UncheckedIOException,ok,3
Jsoup,91,org.jsoup.parser.CharacterReader,ok,36
Jsoup,92,org.jsoup.nodes.Attributes,ok,28
Jsoup,92,org.jsoup.parser.HtmlTreeBuilder,ok,28
Jsoup,92,org.jsoup.parser.ParseSettings,ok,5
Jsoup,92,org.jsoup.parser.Token,ok,17
Jsoup,92,org.jsoup.parser.XmlTreeBuilder,ok,18
Jsoup,93,org.jsoup.nodes.FormElement,ok,36
JxPath,1,org.apache.commons.jxpath.ri.model.dom.DOMNodePointer,ok,38
JxPath,1,org.apache.commons.jxpath.ri.model.jdom.JDOMNodePointer,ok,36
JxPath,2,org.apache.commons.jxpath.ri.compiler.Expression,ok,37
JxPath,3,org.apache.commons.jxpath.ri.model.beans.NullPropertyPointer,ok,43
JxPath,4,org.apache.commons.jxpath.ri.model.dom.DOMNodePointer,ok,41
JxPath,4,org.apache.commons.jxpath.ri.model.jdom.JDOMNodePointer,ok,42
JxPath,5,org.apache.commons.jxpath.ri.model.NodePointer,ok,45
JxPath,6,org.apache.commons.jxpath.ri.compiler.CoreOperationCompare,ok,39
JxPath,7,org.apache.commons.jxpath.ri.compiler.CoreOperationGreaterThan,ok,28
JxPath,7,org.apache.commons.jxpath.ri.compiler.CoreOperationGreaterThanOrEqual,ok,14
JxPath,7,org.apache.commons.jxpath.ri.compiler.CoreOperationLessThan,ok,15
JxPath,7,org.apache.commons.jxpath.ri.compiler.CoreOperationLessThanOrEqual,ok,15
JxPath,7,org.apache.commons.jxpath.ri.compiler.CoreOperationRelationalExpression,ok,4
JxPath,8,org.apache.commons.jxpath.ri.compiler.CoreOperationRelationalExpression,ok,36
JxPath,9,org.apache.commons.jxpath.ri.compiler.CoreOperationCompare,ok,18
JxPath,9,org.apache.commons.jxpath.ri.compiler.CoreOperationEqual,ok,5
JxPath,9,org.apache.commons.jxpath.ri.compiler.CoreOperationNotEqual,ok,6
JxPath,10,org.apache.commons.jxpath.ri.compiler.CoreOperationRelationalExpression,ok,35
JxPath,11,org.apache.commons.jxpath.ri.model.dom.DOMAttributeIterator,ok,20
JxPath,11,org.apache.commons.jxpath.ri.model.jdom.JDOMAttributeIterator,ok,21
JxPath,12,org.apache.commons.jxpath.ri.model.dom.DOMNodePointer,ok,58
JxPath,13,org.apache.commons.jxpath.ri.NamespaceResolver,ok,20
JxPath,13,org.apache.commons.jxpath.ri.model.dom.DOMNodePointer,ok,39
JxPath,14,org.apache.commons.jxpath.ri.compiler.CoreFunction,ok,130
JxPath,15,org.apache.commons.jxpath.ri.axes.UnionContext,ok,39
JxPath,16,org.apache.commons.jxpath.ri.model.dom.DOMNodePointer,ok,32
JxPath,16,org.apache.commons.jxpath.ri.model.jdom.JDOMNodePointer,ok,36
JxPath,17,org.apache.commons.jxpath.ri.model.dom.DOMAttributeIterator,ok,21
JxPath,17,org.apache.commons.jxpath.ri.model.jdom.JDOMAttributeIterator,ok,20
JxPath,18,org.apache.commons.jxpath.ri.axes.AttributeContext,ok,36
JxPath,19,org.apache.commons.jxpath.ri.model.dom.DOMNodePointer,ok,31
JxPath,19,org.apache.commons.jxpath.ri.model.jdom.JDOMNodePointer,ok,39
JxPath,20,org.apache.commons.jxpath.ri.compiler.CoreOperationRelationalExpression,ok,37
JxPath,21,org.apache.commons.jxpath.ri.model.beans.PropertyPointer,ok,38
JxPath,22,org.apache.commons.jxpath.ri.model.dom.DOMNodePointer,ok,48
Mockito,1,org.mockito.internal.invocation.InvocationMatcher,ok,35
Mockito,2,org.mockito.internal.util.Timer,ok,34
Mockito,3,org.mockito.internal.invocation.InvocationMatcher,ok,34
Mockito,4,org.mockito.exceptions.Reporter,ok,35
Mockito,5,org.mockito.internal.verification.VerificationOverTimeImpl,ok,35
Mockito,6,org.mockito.Matchers,ok,8
Mockito,7,org.mockito.internal.util.reflection.GenericMetadataSupport,ok,35
Mockito,8,org.mockito.internal.util.reflection.GenericMetadataSupport,ok,37
Mockito,9,org.mockito.internal.stubbing.answers.CallsRealMethods,ok,4
Mockito,10,org.mockito.internal.stubbing.defaultanswers.ReturnsDeepStubs,ok,35
Mockito,11,org.mockito.internal.creation.DelegatingMethod,ok,34
Mockito,12,org.mockito.internal.util.reflection.GenericMaster,ok,34
Mockito,13,org.mockito.internal.MockHandler,ok,35
Mockito,14,org.mockito.internal.MockHandler,ok,20
Mockito,14,org.mockito.internal.MockitoCore,ok,22
Mockito,15,org.mockito.internal.configuration.injection.FinalMockCandidateFilter,ok,34
Mockito,16,org.mockito.internal.MockitoCore,ok,20
Mockito,16,org.mockito.Mockito,ok,20
Mockito,17,org.mockito.internal.creation.MockSettingsImpl,ok,19
Mockito,17,org.mockito.internal.util.MockUtil,ok,20
Mockito,18,org.mockito.internal.stubbing.defaultanswers.ReturnsEmptyValues,ok,34
Mockito,19,org.mockito.internal.configuration.injection.filter.FinalMockCandidateFilter,ok,14
Mockito,19,org.mockito.internal.configuration.injection.filter.MockCandidateFilter,ok,2
Mockito,19,org.mockito.internal.configuration.injection.filter.NameBasedCandidateFilter,ok,15
Mockito,19,org.mockito.internal.configuration.injection.filter.TypeBasedCandidateFilter,ok,14
Mockito,19,org.mockito.internal.configuration.injection.PropertyAndSetterInjection,ok,14
Mockito,20,org.mockito.internal.creation.bytebuddy.ByteBuddyMockMaker,ok,36
Mockito,21,org.mockito.internal.creation.instance.ConstructorInstantiator,ok,4
Mockito,22,org.mockito.internal.matchers.Equality,ok,34
Mockito,23,org.mockito.internal.stubbing.defaultanswers.ReturnsDeepStubs,ok,34
Mockito,24,org.mockito.internal.stubbing.defaultanswers.ReturnsEmptyValues,ok,34
Mockito,25,org.mockito.internal.stubbing.defaultanswers.ReturnsDeepStubs,ok,34
Mockito,26,org.mockito.internal.util.Primitives,ok,34
Mockito,27,org.mockito.internal.util.MockUtil,ok,35
Mockito,28,org.mockito.internal.configuration.DefaultInjectionEngine,ok,34
Mockito,29,org.mockito.internal.matchers.Same,ok,5
Mockito,30,org.mockito.exceptions.Reporter,ok,21
Mockito,30,org.mockito.internal.stubbing.defaultanswers.ReturnsSmartNulls,ok,19
Mockito,31,org.mockito.internal.stubbing.defaultanswers.ReturnsSmartNulls,ok,34
Mockito,32,org.mockito.internal.configuration.SpyAnnotationEngine,ok,34
Mockito,33,org.mockito.internal.invocation.InvocationMatcher,ok,34
Mockito,34,org.mockito.internal.invocation.InvocationMatcher,ok,35
Mockito,35,org.mockito.Matchers,ok,6
Mockito,36,org.mockito.internal.invocation.Invocation,ok,35
Mockito,37,org.mockito.internal.stubbing.answers.AnswersValidator,ok,34
Mockito,38,org.mockito.internal.verification.argumentmatching.ArgumentMatchingTool,ok,34
Closure,1,com.google.javascript.jscomp.RemoveUnusedVars,ok,47
Closure,2,com.google.javascript.jscomp.TypeCheck,ok,63
Closure,3,com.google.javascript.jscomp.FlowSensitiveInlineVariables,ok,41
Closure,4,com.google.javascript.rhino.jstype.NamedType,ok,40
Closure,5,com.google.javascript.jscomp.InlineObjectLiterals,ok,41
Closure,6,com.google.javascript.jscomp.TypeValidator,ok,44
Closure,7,com.google.javascript.jscomp.type.ChainableReverseAbstractInterpreter,ok,40
Closure,8,com.google.javascript.jscomp.CollapseVariableDeclarations,ok,47
Closure,9,com.google.javascript.jscomp.ProcessCommonJSModules,ok,45
Closure,10,com.google.javascript.jscomp.NodeUtil,ok,65
Closure,11,com.google.javascript.jscomp.TypeCheck,ok,49
Closure,12,com.google.javascript.jscomp.MaybeReachingVariableUse,ok,37
Closure,13,com.google.javascript.jscomp.PeepholeOptimizationsPass,ok,43
Closure,14,com.google.javascript.jscomp.ControlFlowAnalysis,ok,48
Closure,15,com.google.javascript.jscomp.FlowSensitiveInlineVariables,ok,38
Closure,16,com.google.javascript.jscomp.ScopedAliases,ok,35
Closure,17,com.google.javascript.jscomp.TypedScopeCreator,ok,44
Closure,18,com.google.javascript.jscomp.Compiler,ok,59
Closure,19,com.google.javascript.jscomp.type.ChainableReverseAbstractInterpreter,ok,39
Closure,20,com.google.javascript.jscomp.PeepholeSubstituteAlternateSyntax,ok,43
Closure,21,com.google.javascript.jscomp.CheckSideEffects,ok,39
Closure,22,com.google.javascript.jscomp.CheckSideEffects,ok,42
Closure,23,com.google.javascript.jscomp.PeepholeFoldConstants,ok,48
Closure,24,com.google.javascript.jscomp.ScopedAliases,ok,36
Closure,25,com.google.javascript.jscomp.TypeInference,ok,39
Closure,26,com.google.javascript.jscomp.ProcessCommonJSModules,ok,39
Closure,27,com.google.javascript.rhino.IR,ok,44
Closure,28,com.google.javascript.jscomp.InlineCostEstimator,ok,39
Closure,29,com.google.javascript.jscomp.InlineObjectLiterals,ok,37
Closure,30,com.google.javascript.jscomp.FlowSensitiveInlineVariables,ok,25
Closure,30,com.google.javascript.jscomp.MustBeReachingVariableDef,ok,22
Closure,31,com.google.javascript.jscomp.Compiler,ok,53
Closure,32,com.google.javascript.jscomp.parsing.JsDocInfoParser,ok,49
Closure,33,com.google.javascript.rhino.jstype.PrototypeObjectType,ok,53
Closure,34,com.google.javascript.jscomp.CodeGenerator,ok,25
Closure,34,com.google.javascript.jscomp.CodePrinter,ok,24
Closure,35,com.google.javascript.jscomp.TypeInference,ok,39
Closure,36,com.google.javascript.jscomp.InlineVariables,ok,42
Closure,37,com.google.javascript.jscomp.NodeTraversal,ok,27
Closure,37,com.google.javascript.jscomp.parsing.IRFactory,ok,40
Closure,38,com.google.javascript.jscomp.CodeConsumer,ok,36
Closure,39,com.google.javascript.rhino.jstype.PrototypeObjectType,ok,57
Closure,40,com.google.javascript.jscomp.NameAnalyzer,ok,44
Closure,41,com.google.javascript.jscomp.FunctionTypeBuilder,ok,40
Closure,42,com.google.javascript.jscomp.parsing.IRFactory,ok,79
Closure,43,com.google.javascript.jscomp.TypedScopeCreator,ok,42
Closure,44,com.google.javascript.jscomp.CodeConsumer,ok,35
Closure,45,com.google.javascript.jscomp.RemoveUnusedVars,ok,41
Closure,46,com.google.javascript.rhino.jstype.RecordType,ok,39
Closure,47,com.google.debugging.sourcemap.SourceMapConsumerV3,ok,24
Closure,47,com.google.javascript.jscomp.SourceMap,ok,20
Closure,48,com.google.javascript.jscomp.TypedScopeCreator,ok,42
Closure,49,com.google.javascript.jscomp.MakeDeclaredNamesUnique,ok,40
Closure,50,com.google.javascript.jscomp.PeepholeReplaceKnownMethods,ok,38
Closure,51,com.google.javascript.jscomp.CodeConsumer,ok,34
Closure,52,com.google.javascript.jscomp.CodeGenerator,ok,41
Closure,53,com.google.javascript.jscomp.InlineObjectLiterals,ok,38
Closure,54,com.google.javascript.jscomp.TypedScopeCreator,ok,29
Closure,54,com.google.javascript.rhino.jstype.FunctionType,ok,57
Closure,55,com.google.javascript.jscomp.FunctionRewriter,ok,38
Closure,56,com.google.javascript.jscomp.SourceFile,ok,39
Closure,57,com.google.javascript.jscomp.ClosureCodingConvention,ok,39
Closure,58,com.google.javascript.jscomp.LiveVariablesAnalysis,ok,37
Closure,59,com.google.javascript.jscomp.Compiler,ok,54
Closure,60,com.google.javascript.jscomp.NodeUtil,ok,88
Closure,61,com.google.javascript.jscomp.NodeUtil,ok,87
Closure,62,com.google.javascript.jscomp.LightweightMessageFormatter,ok,36
Closure,64,com.google.javascript.jscomp.Compiler,ok,48
Closure,65,com.google.javascript.jscomp.CodeGenerator,ok,43
Closure,66,com.google.javascript.jscomp.TypeCheck,ok,58
Closure,67,com.google.javascript.jscomp.AnalyzePrototypeProperties,ok,43
Closure,68,com.google.javascript.jscomp.parsing.JsDocInfoParser,ok,48
Closure,69,com.google.javascript.jscomp.TypeCheck,ok,58
Closure,70,com.google.javascript.jscomp.TypedScopeCreator,ok,47
Closure,71,com.google.javascript.jscomp.CheckAccessControls,ok,41
Closure,72,com.google.javascript.jscomp.FunctionToBlockMutator,ok,26
Closure,72,com.google.javascript.jscomp.RenameLabels,ok,27
Closure,73,com.google.javascript.jscomp.CodeGenerator,ok,42
Closure,74,com.google.javascript.jscomp.PeepholeFoldConstants,ok,50
Closure,75,com.google.javascript.jscomp.NodeUtil,ok,83
Closure,76,com.google.javascript.jscomp.DeadAssignmentsElimination,ok,42
Closure,77,com.google.javascript.jscomp.CodeGenerator,ok,47
Closure,78,com.google.javascript.jscomp.PeepholeFoldConstants,ok,49
Closure,79,com.google.javascript.jscomp.Normalize,ok,27
Closure,79,com.google.javascript.jscomp.VarCheck,ok,26
Closure,80,com.google.javascript.jscomp.NodeUtil,ok,85
Closure,81,com.google.javascript.jscomp.parsing.IRFactory,ok,76
Closure,82,com.google.javascript.rhino.jstype.JSType,ok,52
Closure,83,com.google.javascript.jscomp.CommandLineRunner,ok,39
Closure,84,com.google.javascript.jscomp.parsing.IRFactory,ok,75
Closure,85,com.google.javascript.jscomp.UnreachableCodeElimination,ok,39
Closure,86,com.google.javascript.jscomp.NodeUtil,ok,79
Closure,87,com.google.javascript.jscomp.PeepholeSubstituteAlternateSyntax,ok,42
Closure,88,com.google.javascript.jscomp.DeadAssignmentsElimination,ok,38
Closure,89,com.google.javascript.jscomp.CollapseProperties,ok,23
Closure,89,com.google.javascript.jscomp.GlobalNamespace,ok,26
Closure,90,com.google.javascript.jscomp.FunctionTypeBuilder,ok,25
Closure,90,com.google.javascript.rhino.jstype.FunctionType,ok,47
Closure,91,com.google.javascript.jscomp.CheckGlobalThis,ok,40
Closure,92,com.google.javascript.jscomp.ProcessClosurePrimitives,ok,41
Closure,94,com.google.javascript.jscomp.NodeUtil,ok,75
Closure,95,com.google.javascript.jscomp.TypedScopeCreator,ok,41
Closure,96,com.google.javascript.jscomp.TypeCheck,ok,42
Closure,97,com.google.javascript.jscomp.PeepholeFoldConstants,ok,45
Closure,98,com.google.javascript.jscomp.ReferenceCollectingCallback,ok,42
Closure,99,com.google.javascript.jscomp.CheckGlobalThis,ok,43
Closure,100,com.google.javascript.jscomp.CheckGlobalThis,ok,38
Closure,101,com.google.javascript.jscomp.CommandLineRunner,ok,39
Closure,102,com.google.javascript.jscomp.Normalize,ok,42
Closure,103,com.google.javascript.jscomp.ControlFlowAnalysis,ok,82
Closure,103,com.google.javascript.jscomp.DisambiguateProperties,ok,27
Closure,104,com.google.javascript.rhino.jstype.UnionType,ok,52
Closure,105,com.google.javascript.jscomp.FoldConstants,ok,52
Closure,106,com.google.javascript.jscomp.GlobalNamespace,ok,34
Closure,106,com.google.javascript.rhino.JSDocInfoBuilder,ok,24
Closure,107,com.google.javascript.jscomp.CommandLineRunner,ok,40
Closure,108,com.google.javascript.jscomp.ScopedAliases,ok,44
Closure,109,com.google.javascript.jscomp.parsing.JsDocInfoParser,ok,54
Closure,110,com.google.javascript.jscomp.ScopedAliases,ok,24
Closure,110,com.google.javascript.rhino.Node,ok,76
Closure,111,com.google.javascript.jscomp.type.ClosureReverseAbstractInterpreter,ok,37
Closure,112,com.google.javascript.jscomp.TypeInference,ok,45
Closure,113,com.google.javascript.jscomp.ProcessClosurePrimitives,ok,39
Closure,114,com.google.javascript.jscomp.NameAnalyzer,ok,47
Closure,115,com.google.javascript.jscomp.FunctionInjector,ok,44
Closure,116,com.google.javascript.jscomp.FunctionInjector,ok,44
Closure,117,com.google.javascript.jscomp.TypeValidator,ok,40
Closure,118,com.google.javascript.jscomp.DisambiguateProperties,ok,40
Closure,119,com.google.javascript.jscomp.GlobalNamespace,ok,46
Closure,120,com.google.javascript.jscomp.ReferenceCollectingCallback,ok,41
Closure,121,com.google.javascript.jscomp.InlineVariables,ok,42
Closure,122,com.google.javascript.jscomp.parsing.IRFactory,ok,59
Closure,123,com.google.javascript.jscomp.CodeGenerator,ok,52
Closure,124,com.google.javascript.jscomp.ExploitAssigns,ok,41
Closure,125,com.google.javascript.jscomp.TypeCheck,ok,40
Closure,126,com.google.javascript.jscomp.MinimizeExitPoints,ok,43
Closure,127,com.google.javascript.jscomp.UnreachableCodeElimination,ok,40
Closure,128,com.google.javascript.jscomp.CodeGenerator,ok,47
Closure,129,com.google.javascript.jscomp.PrepareAst,ok,41
Closure,130,com.google.javascript.jscomp.CollapseProperties,ok,39
Closure,131,com.google.javascript.rhino.TokenStream,ok,37
Closure,132,com.google.javascript.jscomp.PeepholeSubstituteAlternateSyntax,ok,42
Closure,133,com.google.javascript.jscomp.parsing.JsDocInfoParser,ok,54
Closure,134,com.google.javascript.jscomp.AmbiguateProperties,ok,24
Closure,134,com.google.javascript.jscomp.TypedScopeCreator,ok,29
Closure,135,com.google.javascript.jscomp.DevirtualizePrototypeMethods,ok,22
Closure,135,com.google.javascript.rhino.jstype.FunctionType,ok,41
Closure,136,com.google.javascript.jscomp.MethodCompilerPass,ok,21
Closure,136,com.google.javascript.jscomp.RenameVars,ok,23
Closure,137,com.google.javascript.jscomp.MakeDeclaredNamesUnique,ok,18
Closure,137,com.google.javascript.jscomp.NodeUtil,ok,39
Closure,137,com.google.javascript.jscomp.Normalize,ok,19
Closure,138,com.google.javascript.jscomp.ClosureReverseAbstractInterpreter,ok,22
Closure,138,com.google.javascript.jscomp.TypeInference,ok,29
Closure,139,com.google.javascript.jscomp.Normalize,ok,49
Closure,140,com.google.javascript.jscomp.Compiler,ok,49
Closure,141,com.google.javascript.jscomp.NodeUtil,ok,51
Closure,141,com.google.javascript.jscomp.PureFunctionIdentifier,ok,23
Closure,142,com.google.javascript.jscomp.CoalesceVariableNames,ok,25
Closure,142,com.google.javascript.jscomp.parsing.JsDocInfoParser,ok,28
Closure,143,com.google.javascript.jscomp.AbstractCommandLineRunner,ok,31
Closure,143,com.google.javascript.jscomp.RemoveConstantExpressions,ok,25
Closure,144,com.google.javascript.jscomp.FunctionTypeBuilder,ok,19
Closure,144,com.google.javascript.jscomp.TypedScopeCreator,ok,19
Closure,144,com.google.javascript.rhino.jstype.FunctionBuilder,ok,6
Closure,144,com.google.javascript.rhino.jstype.FunctionType,ok,34
Closure,145,com.google.javascript.jscomp.CodeGenerator,ok,40
Closure,146,com.google.javascript.rhino.jstype.JSType,ok,43
Closure,147,com.google.javascript.jscomp.CheckGlobalThis,ok,27
Closure,147,com.google.javascript.jscomp.RuntimeTypeCheck,ok,22
Closure,148,com.google.javascript.jscomp.PeepholeFoldConstants,ok,24
Closure,148,com.google.javascript.jscomp.SourceMap,ok,21
Closure,149,com.google.javascript.jscomp.AbstractCommandLineRunner,ok,24
Closure,149,com.google.javascript.jscomp.CommandLineRunner,ok,18
Closure,149,com.google.javascript.jscomp.Compiler,ok,28
Closure,149,com.google.javascript.jscomp.CompilerOptions,ok,22
Closure,150,com.google.javascript.jscomp.TypedScopeCreator,ok,48
Closure,151,com.google.javascript.jscomp.CommandLineRunner,ok,39
Closure,152,com.google.javascript.rhino.jstype.FunctionType,ok,68
Closure,153,com.google.javascript.jscomp.Normalize,ok,26
Closure,153,com.google.javascript.jscomp.SyntacticScopeCreator,ok,25
Closure,154,com.google.javascript.jscomp.TypeCheck,ok,24
Closure,154,com.google.javascript.jscomp.TypeValidator,ok,30
Closure,155,com.google.javascript.jscomp.InlineVariables,ok,18
Closure,155,com.google.javascript.jscomp.ReferenceCollectingCallback,ok,25
Closure,155,com.google.javascript.jscomp.Scope,ok,20
Closure,156,com.google.javascript.jscomp.CollapseProperties,ok,40
Closure,157,com.google.javascript.jscomp.CodeGenerator,ok,22
Closure,157,com.google.javascript.jscomp.parsing.IRFactory,ok,22
Closure,157,com.google.javascript.jscomp.RenamePrototypes,ok,17
Closure,158,com.google.javascript.jscomp.AbstractCommandLineRunner,ok,32
Closure,158,com.google.javascript.jscomp.CommandLineRunner,ok,21
Closure,158,com.google.javascript.jscomp.DiagnosticGroups,ok,9
Closure,159,com.google.javascript.jscomp.InlineFunctions,ok,39
Closure,160,com.google.javascript.jscomp.Compiler,ok,59
Closure,161,com.google.javascript.jscomp.PeepholeFoldConstants,ok,48
Closure,162,com.google.javascript.jscomp.Scope,ok,24
Closure,162,com.google.javascript.jscomp.ScopedAliases,ok,22
Closure,163,com.google.javascript.jscomp.AnalyzePrototypeProperties,ok,24
Closure,163,com.google.javascript.jscomp.CrossModuleMethodMotion,ok,22
Closure,164,com.google.javascript.rhino.jstype.ArrowType,ok,42
Closure,165,com.google.javascript.rhino.jstype.JSTypeRegistry,ok,99
Closure,165,com.google.javascript.rhino.jstype.ObjectType,ok,28
Closure,165,com.google.javascript.rhino.jstype.RecordType,ok,20
Closure,165,com.google.javascript.rhino.jstype.RecordTypeBuilder,ok,6
Closure,166,com.google.javascript.rhino.jstype.PrototypeObjectType,ok,49
Closure,167,com.google.javascript.jscomp.type.SemanticReverseAbstractInterpreter,ok,24
Closure,167,com.google.javascript.rhino.jstype.JSType,ok,55
Closure,168,com.google.javascript.jscomp.TypedScopeCreator,ok,44
Closure,169,com.google.javascript.rhino.jstype.ArrowType,ok,21
Closure,169,com.google.javascript.rhino.jstype.EquivalenceMethod,ok,0
Closure,169,com.google.javascript.rhino.jstype.FunctionType,ok,40
Closure,169,com.google.javascript.rhino.jstype.JSType,ok,49
Closure,169,com.google.javascript.rhino.jstype.RecordType,ok,19
Closure,169,com.google.javascript.rhino.jstype.UnionType,ok,22
Closure,170,com.google.javascript.jscomp.FlowSensitiveInlineVariables,ok,41
Closure,171,com.google.javascript.jscomp.TypeInference,ok,28
Closure,171,com.google.javascript.jscomp.TypedScopeCreator,ok,26
Closure,172,com.google.javascript.jscomp.TypedScopeCreator,ok,42
Closure,173,com.google.javascript.jscomp.CodeGenerator,ok,29
Closure,173,com.google.javascript.jscomp.PeepholeSubstituteAlternateSyntax,ok,25
Closure,174,com.google.javascript.jscomp.JsAst,ok,21
Closure,174,com.google.javascript.jscomp.NodeUtil,ok,34
Closure,174,com.google.javascript.jscomp.ScopedAliases,ok,19
Closure,175,com.google.javascript.jscomp.FunctionInjector,ok,46
Closure,176,com.google.javascript.jscomp.TypeInference,ok,40
