TARGET_CLASS,criterion,Coverage,Total_Goals,Covered_Goals
org.apache.commons.lang3.math.NumberUtils,BRANCH;LINE;EXCEPTION;WEAKMUTATION,0.8455335123794324,1608,1560
org.apache.commons.lang3.math.NumberUtils,BRANCH;LINE;EXCEPTION;WEAKMUTATION,0.849546832564896,1602,1561
org.apache.commons.math3.fraction.BigFraction,BRANCH;LINE;EXCEPTION;WEAKMUTATION,0.8426715906648784,1322,1208
org.apache.commons.math3.fraction.BigFraction,BRANCH;LINE;EXCEPTION;WEAKMUTATION,0.8407918914167581,1322,1205
org.apache.commons.math3.fraction.Fraction,BRANCH;LINE;EXCEPTION;WEAKMUTATION,0.8591371266525359,995,986
org.apache.commons.math3.fraction.Fraction,BRANCH;LINE;EXCEPTION;WEAKMUTATION,0.8591371266525359,995,986
org.apache.commons.codec.language.Caverphone,BRANCH;LINE;EXCEPTION;WEAKMUTATION,0.8678571428571429,113,113
org.apache.commons.codec.language.Metaphone,BRANCH;LINE;EXCEPTION;WEAKMUTATION,0.8517988160209341,574,556
org.apache.commons.codec.binary.Base64,BRANCH;LINE;EXCEPTION;WEAKMUTATION,0.8524746022266452,1128,1108
org.apache.commons.codec.binary.Base64,BRANCH;LINE;EXCEPTION;WEAKMUTATION,0.8534894872063475,1128,1113
org.apache.commons.collections.map.Flat3Map,BRANCH;LINE;EXCEPTION;WEAKMUTATION,0.8035593174395081,1555,1360
org.apache.commons.collections.map.Flat3Map,BRANCH;LINE;EXCEPTION;WEAKMUTATION,0.7759639801455713,1555,1345
org.apache.commons.collections.ExtendedProperties,BRANCH;LINE;EXCEPTION;WEAKMUTATION,0.7610677392269733,1390,1209
org.apache.commons.collections.ExtendedProperties,BRANCH;LINE;EXCEPTION;WEAKMUTATION,0.7570587974395033,1390,1213
org.apache.commons.compress.archivers.cpio.CpioArchiveOutputStream,BRANCH;LINE;EXCEPTION;WEAKMUTATION,0.8230587348774441,893,860
org.apache.commons.compress.archivers.cpio.CpioArchiveOutputStream,BRANCH;LINE;EXCEPTION;WEAKMUTATION,0.575707237766949,893,826
org.apache.commons.compress.archivers.ar.ArArchiveInputStream,BRANCH;LINE;EXCEPTION;WEAKMUTATION,0.5855051609684969,356,224
org.apache.commons.compress.archivers.ar.ArArchiveInputStream,BRANCH;LINE;EXCEPTION;WEAKMUTATION,0.6299774739541057,356,240
org.apache.commons.csv.ExtendedBufferedReader,BRANCH;LINE;EXCEPTION;WEAKMUTATION,0.6913990504416037,345,260
org.apache.commons.csv.ExtendedBufferedReader,BRANCH;LINE;EXCEPTION;WEAKMUTATION,0.6913990504416037,345,260
org.apache.commons.lang3.LocaleUtils,BRANCH;LINE;EXCEPTION;WEAKMUTATION,0.8301556174089069,269,203
org.apache.commons.lang3.math.NumberUtils,BRANCH;LINE;EXCEPTION;WEAKMUTATION,0.8477448189400865,1627,1565
org.apache.commons.lang3.time.FastDatePrinter,BRANCH;LINE;EXCEPTION;WEAKMUTATION,0.7551035847094526,1464,1225
org.apache.commons.lang3.time.FastDateParser,BRANCH;LINE;EXCEPTION;WEAKMUTATION,0.7108818246113329,1123,810
org.apache.commons.lang3.time.FastDateParser,BRANCH;LINE;EXCEPTION;WEAKMUTATION,0.7382743959344064,1147,928
org.apache.commons.lang3.SerializationUtils,BRANCH;LINE;EXCEPTION;WEAKMUTATION,0.7341942401960784,113,92
org.apache.commons.lang3.StringUtils,BRANCH;LINE;EXCEPTION;WEAKMUTATION,0.842839801275681,3431,3142
org.apache.commons.lang3.reflect.TypeUtils,BRANCH;LINE;EXCEPTION;WEAKMUTATION,0.450858695025101,1012,449
org.apache.commons.lang3.math.NumberUtils,BRANCH;LINE;EXCEPTION;WEAKMUTATION,0.8426331405570904,1616,1561
org.apache.commons.lang3.text.translate.NumericEntityUnescaper,BRANCH;LINE;EXCEPTION;WEAKMUTATION,0.8602988953866146,208,208
org.apache.commons.lang3.StringUtils,BRANCH;LINE;EXCEPTION;WEAKMUTATION,0.8358993803891939,3444,3164
org.apache.commons.lang3.math.Fraction,BRANCH;LINE;EXCEPTION;WEAKMUTATION,0.8536718123790304,1151,1124
org.apache.commons.lang3.text.ExtendedMessageFormat,BRANCH;LINE;EXCEPTION;WEAKMUTATION,0.5613641848220684,600,355
org.apache.commons.lang3.math.NumberUtils,BRANCH;LINE;EXCEPTION;WEAKMUTATION,0.856551391427208,1607,1557
org.apache.commons.lang3.time.FastDateFormat,BRANCH;LINE;EXCEPTION;WEAKMUTATION,0.7041190551423627,1752,1318
org.apache.commons.lang3.math.NumberUtils,BRANCH;LINE;EXCEPTION;WEAKMUTATION,0.8365907319731448,1595,1517
org.apache.commons.lang3.text.translate.NumericEntityUnescaper,BRANCH;LINE;EXCEPTION;WEAKMUTATION,0.7998456790123457,197,177
org.apache.commons.lang3.SystemUtils,BRANCH;LINE;EXCEPTION;WEAKMUTATION,0.7685595088788023,367,277
org.apache.commons.lang3.StringUtils,BRANCH;LINE;EXCEPTION;WEAKMUTATION,0.8444861473020515,3203,2989
org.apache.commons.lang3.StringUtils,BRANCH;LINE;EXCEPTION;WEAKMUTATION,0.8489116088902168,3167,2961
org.apache.commons.lang3.builder.HashCodeBuilder,BRANCH;LINE;EXCEPTION;WEAKMUTATION,0.8332491855981259,801,772
org.apache.commons.lang3.ClassUtils,BRANCH;LINE;EXCEPTION;WEAKMUTATION,0.8037662291942245,1064,962
org.apache.commons.lang3.builder.ToStringStyle,BRANCH;LINE;EXCEPTION;WEAKMUTATION,0.7725025458767234,1304,1186
org.apache.commons.lang3.ArrayUtils,BRANCH;LINE;EXCEPTION;WEAKMUTATION,0.8463519799386727,2639,2559
org.apache.commons.lang3.math.NumberUtils,BRANCH;LINE;EXCEPTION;WEAKMUTATION,0.8375092438071435,1583,1521
org.apache.commons.lang3.ArrayUtils,BRANCH;LINE;EXCEPTION;WEAKMUTATION,0.8656569565816957,2622,2535
org.apache.commons.lang3.time.FastDateFormat,BRANCH;LINE;EXCEPTION;WEAKMUTATION,0.7536538421577141,1751,1476
org.apache.commons.lang3.StringUtils,BRANCH;LINE;EXCEPTION;WEAKMUTATION,0.867954309317045,3037,2822
org.apache.commons.lang.StringUtils,BRANCH;LINE;EXCEPTION;WEAKMUTATION,0.8705419439372365,2991,2849
org.apache.commons.lang.ClassUtils,BRANCH;LINE;EXCEPTION;WEAKMUTATION,0.8112286903338609,940,853
org.apache.commons.lang.Entities,BRANCH;LINE;EXCEPTION;WEAKMUTATION,0.8269911058123998,1152,1079
org.apache.commons.lang.text.ExtendedMessageFormat,BRANCH;LINE;EXCEPTION;WEAKMUTATION,0.39923072310443497,608,215
org.apache.commons.lang.NumberUtils,BRANCH;LINE;EXCEPTION;WEAKMUTATION,0.8080038092455932,950,856
org.apache.commons.lang.WordUtils,BRANCH;LINE;EXCEPTION;WEAKMUTATION,0.9040581147918104,806,787
org.apache.commons.lang.StringEscapeUtils,BRANCH;LINE;EXCEPTION;WEAKMUTATION,0.8199169551909278,630,533
org.apache.commons.lang.text.StrBuilder,BRANCH;LINE;EXCEPTION;WEAKMUTATION,0.8771546367071215,1868,1866
org.apache.commons.lang.math.Fraction,BRANCH;LINE;EXCEPTION;WEAKMUTATION,0.8539763278003223,1142,1118
org.apache.commons.lang.time.FastDateFormat,BRANCH;LINE;EXCEPTION;WEAKMUTATION,0.7407862103174603,1759,1444
org.apache.commons.lang.BooleanUtils,BRANCH;LINE;EXCEPTION;WEAKMUTATION,0.8435323389268454,932,901
org.apache.commons.lang.StringEscapeUtils,BRANCH;LINE;EXCEPTION;WEAKMUTATION,0.8486503022261536,479,412
org.apache.commons.lang.LocaleUtils,BRANCH;LINE;EXCEPTION;WEAKMUTATION,0.8012192891609053,324,296
org.apache.commons.lang.time.StopWatch,BRANCH;LINE;EXCEPTION;WEAKMUTATION,0.8522304504981045,286,284
org.apache.commons.lang.time.FastDateFormat,BRANCH;LINE;EXCEPTION;WEAKMUTATION,0.7458694940347926,1755,1464
org.apache.commons.lang.LocaleUtils,BRANCH;LINE;EXCEPTION;WEAKMUTATION,0.8346056635752914,324,305
org.apache.commons.lang.math.NumberUtils,BRANCH;LINE;EXCEPTION;WEAKMUTATION,0.821810906461465,1437,1336
org.apache.commons.lang.text.StrBuilder,BRANCH;LINE;EXCEPTION;WEAKMUTATION,0.876958443219653,1757,1754
org.apache.commons.lang.Entities,BRANCH;LINE;EXCEPTION;WEAKMUTATION,0.8001307655170204,1340,1259
org.apache.commons.lang.time.DurationFormatUtils,BRANCH;LINE;EXCEPTION;WEAKMUTATION,0.8429598893745416,1121,1048
org.apache.commons.lang.enums.ValuedEnum,BRANCH;LINE;EXCEPTION;WEAKMUTATION,0.2287878787878788,59,7
org.apache.commons.math3.complex.Complex,BRANCH;LINE;EXCEPTION;WEAKMUTATION,0.8922021813068329,1289,1287
org.apache.commons.math3.optim.BaseOptimizer,BRANCH;LINE;EXCEPTION;WEAKMUTATION,0.8935049019607842,71,61
org.apache.commons.math3.optim.nonlinear.scalar.gradient.NonLinearConjugateGradientOptimizer,BRANCH;LINE;EXCEPTION;WEAKMUTATION,0.28602756892230574,397,68
org.apache.commons.math3.optim.nonlinear.scalar.noderiv.CMAESOptimizer,BRANCH;LINE;EXCEPTION;WEAKMUTATION,0.19111648731975922,1548,121
org.apache.commons.math3.optim.nonlinear.scalar.noderiv.PowellOptimizer,BRANCH;LINE;EXCEPTION;WEAKMUTATION,0.3493785511363636,410,134
org.apache.commons.math3.optim.nonlinear.scalar.noderiv.SimplexOptimizer,BRANCH;LINE;EXCEPTION;WEAKMUTATION,0.46706463073034094,141,61
org.apache.commons.math3.optim.nonlinear.vector.jacobian.GaussNewtonOptimizer,BRANCH;LINE;EXCEPTION;WEAKMUTATION,0.2604467702882137,149,27
org.apache.commons.math3.optim.nonlinear.vector.jacobian.LevenbergMarquardtOptimizer,BRANCH;LINE;EXCEPTION;WEAKMUTATION,0.1689740330479081,1268,85
org.apache.commons.math3.ode.AbstractIntegrator,BRANCH;LINE;EXCEPTION;WEAKMUTATION,0.8252342618621689,394,368
org.apache.commons.math3.distribution.DiscreteDistribution,BRANCH;LINE;EXCEPTION;WEAKMUTATION,0.8396792348071875,193,190
org.apache.commons.math3.analysis.differentiation.DSCompiler,BRANCH;LINE;EXCEPTION;WEAKMUTATION,0.7728587776264697,1126,997
org.apache.commons.math3.optimization.general.AbstractLeastSquaresOptimizer,BRANCH;LINE;EXCEPTION;WEAKMUTATION,0.0,629,0
org.apache.commons.math3.optim.nonlinear.vector.jacobian.AbstractLeastSquaresOptimizer,BRANCH;LINE;EXCEPTION;WEAKMUTATION,0.5135690885690886,145,64
org.apache.commons.math3.util.FastMath,BRANCH;LINE;EXCEPTION;WEAKMUTATION,0.8621729567576498,3104,2917
org.apache.commons.math3.util.FastMath,BRANCH;LINE;EXCEPTION;WEAKMUTATION,0.8661221025417585,3072,2905
org.apache.commons.math3.dfp.Dfp,BRANCH;LINE;EXCEPTION;WEAKMUTATION,0.29657552411554766,2686,609
org.apache.commons.math3.optimization.direct.CMAESOptimizer,BRANCH;LINE;EXCEPTION;WEAKMUTATION,0.7447321296134453,1676,1391
org.apache.commons.math3.optimization.direct.CMAESOptimizer,BRANCH;LINE;EXCEPTION;WEAKMUTATION,0.7548851339868652,1663,1406
org.apache.commons.math3.optimization.direct.CMAESOptimizer,BRANCH;LINE;EXCEPTION;WEAKMUTATION,0.7810815185442425,1657,1454
org.apache.commons.math3.linear.RectangularCholeskyDecomposition,BRANCH;LINE;EXCEPTION;WEAKMUTATION,0.8683333333333334,232,232
org.apache.commons.math3.optimization.univariate.BrentOptimizer,BRANCH;LINE;EXCEPTION;WEAKMUTATION,0.8060360518656683,364,331
org.apache.commons.math3.optimization.fitting.HarmonicFitter,BRANCH;LINE;EXCEPTION;WEAKMUTATION,0.8967820921985816,751,750
org.apache.commons.math3.fraction.Fraction,BRANCH;LINE;EXCEPTION;WEAKMUTATION,0.8591371266525359,995,987
org.apache.commons.math3.fraction.Fraction,BRANCH;LINE;EXCEPTION;WEAKMUTATION,0.8590975631957185,991,982
org.apache.commons.math3.optimization.linear.SimplexSolver,BRANCH;LINE;EXCEPTION;WEAKMUTATION,0.36344017966516945,315,105
org.apache.commons.math3.util.ContinuedFraction,BRANCH;LINE;EXCEPTION;WEAKMUTATION,0.0,410,0
org.apache.commons.math3.geometry.euclidean.twod.PolygonsSet,BRANCH;LINE;EXCEPTION;WEAKMUTATION,0.8234737543700263,533,504
org.apache.commons.math3.optimization.linear.SimplexTableau,BRANCH;LINE;EXCEPTION;WEAKMUTATION,0.8642942919918487,934,932
org.apache.commons.math3.genetics.ListPopulation,BRANCH;LINE;EXCEPTION;WEAKMUTATION,0.8228738509343576,173,168
org.apache.commons.math.complex.Complex,BRANCH;LINE;EXCEPTION;WEAKMUTATION,0.8781532050892685,1211,1208
org.apache.commons.math.optimization.direct.BOBYQAOptimizer,BRANCH;LINE;EXCEPTION;WEAKMUTATION,0.7936008651630169,2508,2227
org.apache.commons.math.ode.nonstiff.EmbeddedRungeKuttaIntegrator,BRANCH;LINE;EXCEPTION;WEAKMUTATION,0.7862406047569599,298,281
org.apache.commons.math.optimization.linear.SimplexTableau,BRANCH;LINE;EXCEPTION;WEAKMUTATION,0.8620045386653923,931,928
org.apache.commons.math.ode.AbstractIntegrator,BRANCH;LINE;EXCEPTION;WEAKMUTATION,0.8398431668905807,355,338
org.apache.commons.math.complex.Complex,BRANCH;LINE;EXCEPTION;WEAKMUTATION,0.8904177503085192,1082,1076
org.apache.commons.math.complex.Complex,BRANCH;LINE;EXCEPTION;WEAKMUTATION,0.9019211970824874,1065,1057
org.apache.commons.math.complex.Complex,BRANCH;LINE;EXCEPTION;WEAKMUTATION,0.879718918418761,941,941
org.apache.commons.math.dfp.Dfp,BRANCH;LINE;EXCEPTION;WEAKMUTATION,0.3093001545392453,2539,611
org.apache.commons.math.stat.clustering.KMeansPlusPlusClusterer,BRANCH;LINE;EXCEPTION;WEAKMUTATION,0.8631139405626134,410,398
org.apache.commons.math.optimization.fitting.GaussianFitter,BRANCH;LINE;EXCEPTION;WEAKMUTATION,0.8402132565644187,644,592
org.apache.commons.math.util.FastMath,BRANCH;LINE;EXCEPTION;WEAKMUTATION,0.8600593283209557,2796,2290
org.apache.commons.math.distribution.NormalDistributionImpl,BRANCH;LINE;EXCEPTION;WEAKMUTATION,0.757017638867399,352,298
org.apache.commons.math.optimization.univariate.MultiStartUnivariateRealOptimizer,BRANCH;LINE;EXCEPTION;WEAKMUTATION,0.8549958193979933,233,228
org.apache.commons.math.util.MathUtils,BRANCH;LINE;EXCEPTION;WEAKMUTATION,0.8216888961143867,1899,1788
org.apache.commons.math.optimization.general.LevenbergMarquardtOptimizer,BRANCH;LINE;EXCEPTION;WEAKMUTATION,0.18702362272407347,1443,149
org.apache.commons.math.optimization.general.AbstractLeastSquaresOptimizer,BRANCH;LINE;EXCEPTION;WEAKMUTATION,0.8312008647798742,931,863
org.apache.commons.math.optimization.MultiStartUnivariateRealOptimizer,BRANCH;LINE;EXCEPTION;WEAKMUTATION,0.8618767487218845,301,299
org.apache.commons.math.optimization.general.LevenbergMarquardtOptimizer,BRANCH;LINE;EXCEPTION;WEAKMUTATION,0.1827208315442703,1415,139
org.apache.commons.math.ode.nonstiff.EmbeddedRungeKuttaIntegrator,BRANCH;LINE;EXCEPTION;WEAKMUTATION,0.6356055544951327,359,266
org.apache.commons.math.ode.nonstiff.RungeKuttaIntegrator,BRANCH;LINE;EXCEPTION;WEAKMUTATION,0.7988238429351026,174,156
org.apache.commons.math.ode.nonstiff.EmbeddedRungeKuttaIntegrator,BRANCH;LINE;EXCEPTION;WEAKMUTATION,0.6582068544033034,351,280
org.apache.commons.math.stat.Frequency,BRANCH;LINE;EXCEPTION;WEAKMUTATION,0.8393263295277463,400,399
org.apache.commons.math.ode.events.EventState,BRANCH;LINE;EXCEPTION;WEAKMUTATION,0.7757597719643798,372,323
org.apache.commons.math.util.MathUtils,BRANCH;LINE;EXCEPTION;WEAKMUTATION,0.8138032132634295,1611,1475
org.apache.commons.math.linear.EigenDecompositionImpl,BRANCH;LINE;EXCEPTION;WEAKMUTATION,0.699936564917454,1491,1243
org.apache.commons.math.linear.EigenDecompositionImpl,BRANCH;LINE;EXCEPTION;WEAKMUTATION,0.6923019339395831,1490,1221
org.apache.commons.math.optimization.linear.SimplexSolver,BRANCH;LINE;EXCEPTION;WEAKMUTATION,0.6324734213447047,310,191
org.apache.commons.math.optimization.linear.SimplexTableau,BRANCH;LINE;EXCEPTION;WEAKMUTATION,0.8817115793452365,1146,1136
org.apache.commons.math.optimization.direct.MultiDirectional,BRANCH;LINE;EXCEPTION;WEAKMUTATION,0.8531879194630873,195,186
org.apache.commons.math.linear.CholeskyDecompositionImpl,BRANCH;LINE;EXCEPTION;WEAKMUTATION,0.397521098842714,671,235
org.apache.commons.math.optimization.linear.SimplexTableau,BRANCH;LINE;EXCEPTION;WEAKMUTATION,0.8701641598959107,1087,1087
org.apache.commons.math.optimization.linear.SimplexTableau,BRANCH;LINE;EXCEPTION;WEAKMUTATION,0.8789177927335823,1120,1117
org.apache.commons.math.fraction.Fraction,BRANCH;LINE;EXCEPTION;WEAKMUTATION,0.8619456754233965,1141,1118
org.apache.commons.math.util.MathUtils,BRANCH;LINE;EXCEPTION;WEAKMUTATION,0.858956949520531,1414,1380
org.apache.commons.math.util.MathUtils,BRANCH;LINE;EXCEPTION;WEAKMUTATION,0.8722658725840012,1383,1365
org.apache.commons.math.util.MathUtils,BRANCH;LINE;EXCEPTION;WEAKMUTATION,0.8662890432862079,1382,1351
org.apache.commons.math.linear.BigMatrixImpl,BRANCH;LINE;EXCEPTION;WEAKMUTATION,0.7797627148179246,1553,1425
org.apache.commons.math.linear.RealMatrixImpl,BRANCH;LINE;EXCEPTION;WEAKMUTATION,0.7749648966786087,1355,1239
org.apache.commons.math.util.MathUtils,BRANCH;LINE;EXCEPTION;WEAKMUTATION,0.8600922443318431,1136,1109
org.apache.commons.math.stat.inference.ChiSquareTestImpl,BRANCH;LINE;EXCEPTION;WEAKMUTATION,0.8650872671155415,702,702
org.jfree.chart.util.ShapeList,BRANCH;LINE;EXCEPTION;WEAKMUTATION,0.399262755500078,124,35
org.jfree.data.time.Week,BRANCH;LINE;EXCEPTION;WEAKMUTATION,0.788820813816502,1223,1084
org.jfree.chart.imagemap.StandardToolTipTagFragmentGenerator,BRANCH;LINE;EXCEPTION;WEAKMUTATION,1.0,7,7
org.jfree.chart.util.ShapeUtilities,BRANCH;LINE;EXCEPTION;WEAKMUTATION,0.8644982257924965,1188,1175
org.jfree.data.KeyedObjects2D,BRANCH;LINE;EXCEPTION;WEAKMUTATION,0.8477252535651644,478,473
org.joda.time.format.PeriodFormatterBuilder,BRANCH;LINE;EXCEPTION;WEAKMUTATION,0.8158389756325586,2120,1949
org.apache.commons.cli.Parser,BRANCH;LINE;EXCEPTION;WEAKMUTATION,0.6357623857623858,248,182
org.apache.commons.cli.Util,BRANCH;LINE;EXCEPTION;WEAKMUTATION,0.842741935483871,51,49
org.apache.commons.cli.Parser,BRANCH;LINE;EXCEPTION;WEAKMUTATION,0.7151811883098679,269,233
org.apache.commons.cli.Parser,BRANCH;LINE;EXCEPTION;WEAKMUTATION,0.7070835712138475,280,236
org.apache.commons.cli.HelpFormatter,BRANCH;LINE;EXCEPTION;WEAKMUTATION,0.8175076430308255,818,764
org.apache.commons.cli.GnuParser,BRANCH;LINE;EXCEPTION;WEAKMUTATION,0.8608490566037736,95,93
org.apache.commons.cli.PosixParser,BRANCH;LINE;EXCEPTION;WEAKMUTATION,0.8356532554618213,227,217
org.apache.commons.cli.PosixParser,BRANCH;LINE;EXCEPTION;WEAKMUTATION,0.8259274157504246,224,212
org.apache.commons.cli.PosixParser,BRANCH;LINE;EXCEPTION;WEAKMUTATION,0.7742627947273966,222,190
org.apache.commons.cli.PosixParser,BRANCH;LINE;EXCEPTION;WEAKMUTATION,0.8250672516090105,221,209
org.apache.commons.cli.PosixParser,BRANCH;LINE;EXCEPTION;WEAKMUTATION,0.826905854643083,211,194
org.apache.commons.cli.Parser,BRANCH;LINE;EXCEPTION;WEAKMUTATION,0.7154705511759967,250,219
org.apache.commons.cli.Util,BRANCH;LINE;EXCEPTION;WEAKMUTATION,0.8446969696969697,58,55
org.apache.commons.cli.DefaultParser,BRANCH;LINE;EXCEPTION;WEAKMUTATION,0.5643851072081262,829,485
org.apache.commons.cli.Parser,BRANCH;LINE;EXCEPTION;WEAKMUTATION,0.7136957723847968,253,221
org.apache.commons.cli.HelpFormatter,BRANCH;LINE;EXCEPTION;WEAKMUTATION,0.7785031965282512,873,769
org.apache.commons.cli.Option,BRANCH;LINE;EXCEPTION;WEAKMUTATION,0.8602157540735127,501,496
org.apache.commons.cli.HelpFormatter,BRANCH;LINE;EXCEPTION;WEAKMUTATION,0.8516346113918599,865,835
org.apache.commons.cli.HelpFormatter,BRANCH;LINE;EXCEPTION;WEAKMUTATION,0.816636316955002,828,773
org.apache.commons.cli.Option,BRANCH;LINE;EXCEPTION;WEAKMUTATION,0.8684200310559006,499,496
org.apache.commons.cli.Options,BRANCH;LINE;EXCEPTION;WEAKMUTATION,0.8496376811594203,168,167
org.apache.commons.cli.Options,BRANCH;LINE;EXCEPTION;WEAKMUTATION,0.8483333333333334,180,178
org.apache.commons.cli.DefaultParser,BRANCH;LINE;EXCEPTION;WEAKMUTATION,0.48687224099139925,846,409
org.apache.commons.cli.DefaultParser,BRANCH;LINE;EXCEPTION;WEAKMUTATION,0.6460615098033402,855,583
org.apache.commons.cli.TypeHandler,BRANCH;LINE;EXCEPTION;WEAKMUTATION,0.7665070242656449,101,100
org.apache.commons.codec.language.DoubleMetaphone,BRANCH;LINE;EXCEPTION;WEAKMUTATION,0.8183170818438734,1667,1538
org.apache.commons.codec.binary.Base64,BRANCH;LINE;EXCEPTION;WEAKMUTATION,0.8667527943186255,1256,1251
org.apache.commons.codec.binary.Base64,BRANCH;LINE;EXCEPTION;WEAKMUTATION,0.8710855331523724,1256,1252
org.apache.commons.codec.binary.Base64,BRANCH;LINE;EXCEPTION;WEAKMUTATION,0.8658600028702641,1262,1257
org.apache.commons.codec.binary.Base64,BRANCH;LINE;EXCEPTION;WEAKMUTATION,0.86619132294646,1214,1198
org.apache.commons.codec.binary.Base64InputStream,BRANCH;LINE;EXCEPTION;WEAKMUTATION,0.8333033671950696,224,220
org.apache.commons.codec.binary.Base64,BRANCH;LINE;EXCEPTION;WEAKMUTATION,0.8487242245833934,1196,1163
org.apache.commons.codec.language.Caverphone,BRANCH;LINE;EXCEPTION;WEAKMUTATION,0.8678571428571429,113,113
org.apache.commons.codec.binary.BaseNCodecInputStream,BRANCH;LINE;EXCEPTION;WEAKMUTATION,0.8304111463133641,187,185
org.apache.commons.codec.language.DoubleMetaphone,BRANCH;LINE;EXCEPTION;WEAKMUTATION,0.7666818135427258,1600,1362
org.apache.commons.codec.language.bm.PhoneticEngine,BRANCH;LINE;EXCEPTION;WEAKMUTATION,0.23690374025602517,419,61
org.apache.commons.codec.language.Soundex,BRANCH;LINE;EXCEPTION;WEAKMUTATION,0.8639455782312926,387,387
org.apache.commons.collections.map.Flat3Map,BRANCH;LINE;EXCEPTION;WEAKMUTATION,0.7710204896177777,1559,1351
org.apache.commons.collections.ExtendedProperties,BRANCH;LINE;EXCEPTION;WEAKMUTATION,0.753989082171278,1426,1235
org.apache.commons.collections.buffer.UnboundedFifoBuffer,BRANCH;LINE;EXCEPTION;WEAKMUTATION,0.7805203487718825,449,393
org.apache.commons.collections.ExtendedProperties,BRANCH;LINE;EXCEPTION;WEAKMUTATION,0.7946412826664,1436,1310
org.apache.commons.collections.map.MultiValueMap,BRANCH;LINE;EXCEPTION;WEAKMUTATION,0.7899463728403795,295,286
org.apache.commons.collections.keyvalue.MultiKey,BRANCH;LINE;EXCEPTION;WEAKMUTATION,0.8409937888198757,103,97
org.apache.commons.collections.ExtendedProperties,BRANCH;LINE;EXCEPTION;WEAKMUTATION,0.7907136123384912,1433,1277
org.apache.commons.collections.ExtendedProperties,BRANCH;LINE;EXCEPTION;WEAKMUTATION,0.7609110736640108,1434,1215
org.apache.commons.collections.map.CaseInsensitiveMap,BRANCH;LINE;EXCEPTION;WEAKMUTATION,0.7361111111111112,30,25
org.apache.commons.collections.list.SetUniqueList,BRANCH;LINE;EXCEPTION;WEAKMUTATION,0.7558764674597402,327,283
org.apache.commons.collections.list.TreeList,BRANCH;LINE;EXCEPTION;WEAKMUTATION,0.8593398431107838,1367,1342
org.apache.commons.collections4.map.ListOrderedMap,BRANCH;LINE;EXCEPTION;WEAKMUTATION,0.7368126577282239,552,436
org.apache.commons.collections4.collection.UnmodifiableBoundedCollection,BRANCH;LINE;EXCEPTION;WEAKMUTATION,0.6948855835240275,67,52
org.apache.commons.collections4.keyvalue.MultiKey,BRANCH;LINE;EXCEPTION;WEAKMUTATION,0.829666283130957,92,85
org.apache.commons.collections4.map.MultiValueMap,BRANCH;LINE;EXCEPTION;WEAKMUTATION,0.6565803551918744,311,222
org.apache.commons.collections4.trie.AbstractPatriciaTrie,BRANCH;LINE;EXCEPTION;WEAKMUTATION,0.5636497637451104,1993,1135
org.apache.commons.compress.archivers.tar.TarArchiveOutputStream,BRANCH;LINE;EXCEPTION;WEAKMUTATION,0.5767036560117154,413,246
org.apache.commons.compress.archivers.cpio.CpioArchiveOutputStream,BRANCH;LINE;EXCEPTION;WEAKMUTATION,0.8210517000984627,801,772
org.apache.commons.compress.archivers.tar.TarArchiveOutputStream,BRANCH;LINE;EXCEPTION;WEAKMUTATION,0.5421573881018726,424,220
org.apache.commons.compress.archivers.zip.ZipArchiveOutputStream,BRANCH;LINE;EXCEPTION;WEAKMUTATION,0.19291971078911213,1367,80
org.apache.commons.compress.changes.ChangeSetPerformer,BRANCH;LINE;EXCEPTION;WEAKMUTATION,0.7518989689916425,173,154
org.apache.commons.compress.archivers.zip.ZipArchiveInputStream,BRANCH;LINE;EXCEPTION;WEAKMUTATION,0.38220751584427426,631,233
org.apache.commons.compress.archivers.tar.TarArchiveOutputStream,BRANCH;LINE;EXCEPTION;WEAKMUTATION,0.7730105499137454,462,397
org.apache.commons.compress.archivers.ArchiveStreamFactory,BRANCH;LINE;EXCEPTION;WEAKMUTATION,0.7994271529710207,272,253
org.apache.commons.compress.archivers.tar.TarArchiveInputStream,BRANCH;LINE;EXCEPTION;WEAKMUTATION,0.41927336910591634,842,299
org.apache.commons.compress.archivers.ArchiveStreamFactory,BRANCH;LINE;EXCEPTION;WEAKMUTATION,0.7925221708116444,275,255
org.apache.commons.compress.archivers.tar.TarUtils,BRANCH;LINE;EXCEPTION;WEAKMUTATION,0.7838078189470494,968,883
org.apache.commons.compress.archivers.tar.TarArchiveOutputStream,BRANCH;LINE;EXCEPTION;WEAKMUTATION,0.6181399906399907,1069,677
org.apache.commons.compress.archivers.cpio.CpioArchiveInputStream,BRANCH;LINE;EXCEPTION;WEAKMUTATION,0.39513556973610614,1164,399
org.apache.commons.compress.archivers.sevenz.SevenZOutputFile,BRANCH;LINE;EXCEPTION;WEAKMUTATION,0.8101251572288103,1328,1211
org.apache.commons.compress.compressors.bzip2.BZip2CompressorInputStream,BRANCH;LINE;EXCEPTION;WEAKMUTATION,0.18998705601450394,1763,77
org.apache.commons.compress.archivers.sevenz.Coders,BRANCH;LINE;EXCEPTION;WEAKMUTATION,0.7483713445156845,441,381
org.apache.commons.compress.archivers.tar.TarUtils,BRANCH;LINE;EXCEPTION;WEAKMUTATION,0.8041867277101304,975,885
org.apache.commons.compress.archivers.tar.TarUtils,BRANCH;LINE;EXCEPTION;WEAKMUTATION,0.8342480026080361,977,958
org.apache.commons.compress.archivers.tar.TarArchiveInputStream,BRANCH;LINE;EXCEPTION;WEAKMUTATION,0.35804420188555186,938,282
org.apache.commons.compress.archivers.ArchiveStreamFactory,BRANCH;LINE;EXCEPTION;WEAKMUTATION,0.5975215710728556,486,308
org.apache.commons.compress.archivers.cpio.CpioArchiveInputStream,BRANCH;LINE;EXCEPTION;WEAKMUTATION,0.37640747228980287,1125,322
org.apache.commons.compress.archivers.cpio.CpioArchiveOutputStream,BRANCH;LINE;EXCEPTION;WEAKMUTATION,0.8413696543258586,1021,965
org.apache.commons.compress.archivers.dump.DumpArchiveInputStream,BRANCH;LINE;EXCEPTION;WEAKMUTATION,0.20986638630765786,701,63
org.apache.commons.compress.archivers.tar.TarArchiveInputStream,BRANCH;LINE;EXCEPTION;WEAKMUTATION,0.4181757982970295,956,336
org.apache.commons.compress.archivers.tar.TarArchiveOutputStream,BRANCH;LINE;EXCEPTION;WEAKMUTATION,0.40915658798520144,996,774
org.apache.commons.compress.compressors.bzip2.BZip2CompressorInputStream,BRANCH;LINE;EXCEPTION;WEAKMUTATION,0.1844187552007414,1748,95
org.apache.commons.compress.archivers.tar.TarUtils,BRANCH;LINE;EXCEPTION;WEAKMUTATION,0.7863883584532496,978,888
org.apache.commons.compress.archivers.tar.TarArchiveInputStream,BRANCH;LINE;EXCEPTION;WEAKMUTATION,0.46844250751605776,973,442
org.apache.commons.compress.compressors.CompressorStreamFactory,BRANCH;LINE;EXCEPTION;WEAKMUTATION,0.7891333523893325,358,323
org.apache.commons.compress.compressors.deflate.DeflateCompressorInputStream,BRANCH;LINE;EXCEPTION;WEAKMUTATION,0.6696969696969697,60,50
org.apache.commons.compress.archivers.tar.TarUtils,BRANCH;LINE;EXCEPTION;WEAKMUTATION,0.7871383744958504,971,886
org.apache.commons.compress.archivers.tar.TarArchiveInputStream,BRANCH;LINE;EXCEPTION;WEAKMUTATION,0.4679143844185698,1033,473
org.apache.commons.compress.archivers.tar.TarArchiveEntry,BRANCH;LINE;EXCEPTION;WEAKMUTATION,0.5861690084694916,1360,817
org.apache.commons.compress.archivers.zip.ZipArchiveOutputStream,BRANCH;LINE;EXCEPTION;WEAKMUTATION,0.19493649402056357,1832,143
org.apache.commons.compress.archivers.tar.TarUtils,BRANCH;LINE;EXCEPTION;WEAKMUTATION,0.7605396896535129,933,831
org.apache.commons.csv.Lexer,BRANCH;LINE;EXCEPTION;WEAKMUTATION,0.8547771166796012,313,305
org.apache.commons.csv.CSVParser,BRANCH;LINE;EXCEPTION;WEAKMUTATION,0.764176816971848,236,216
org.apache.commons.csv.CSVPrinter,BRANCH;LINE;EXCEPTION;WEAKMUTATION,0.8425842738689568,739,705
org.apache.commons.csv.CSVParser,BRANCH;LINE;EXCEPTION;WEAKMUTATION,0.7717504059297229,237,221
org.apache.commons.csv.CSVPrinter,BRANCH;LINE;EXCEPTION;WEAKMUTATION,0.8151219164710661,743,694
org.apache.commons.csv.CSVParser,BRANCH;LINE;EXCEPTION;WEAKMUTATION,0.6973290598290598,274,216
org.apache.commons.csv.CSVFormat,BRANCH;LINE;EXCEPTION;WEAKMUTATION,0.8725226584853298,802,801
org.apache.commons.csv.CSVFormat,BRANCH;LINE;EXCEPTION;WEAKMUTATION,0.8542582980229718,956,946
org.apache.commons.csv.CSVPrinter,BRANCH;LINE;EXCEPTION;WEAKMUTATION,0.7764486866903589,765,663
org.apache.commons.csv.CSVFormat,BRANCH;LINE;EXCEPTION;WEAKMUTATION,0.8611668554410319,1555,1491
org.apache.commons.csv.CSVFormat,BRANCH;LINE;EXCEPTION;WEAKMUTATION,0.8234649540657356,1601,1478
org.apache.commons.csv.CSVParser,BRANCH;LINE;EXCEPTION;WEAKMUTATION,0.7626062364456949,325,285
com.google.gson.TypeInfoFactory,BRANCH;LINE;EXCEPTION;WEAKMUTATION,0.16145833333333331,151,6
com.google.gson.internal.bind.TypeAdapters,BRANCH;LINE;EXCEPTION;WEAKMUTATION,0.5871449835514626,1019,465
com.google.gson.internal.ConstructorConstructor,BRANCH;LINE;EXCEPTION;WEAKMUTATION,0.0,163,0
com.google.gson.stream.JsonReader,BRANCH;LINE;EXCEPTION;WEAKMUTATION,0.624193577688746,2051,1423
com.google.gson.stream.JsonWriter,BRANCH;LINE;EXCEPTION;WEAKMUTATION,0.7948178604075712,755,676
com.google.gson.internal.bind.util.ISO8601Utils,BRANCH;LINE;EXCEPTION;WEAKMUTATION,0.7790676762267218,709,597
com.google.gson.internal.bind.JsonAdapterAnnotationTypeAdapterFactory,BRANCH;LINE;EXCEPTION;WEAKMUTATION,0.6684523809523809,33,23
com.google.gson.stream.JsonReader,BRANCH;LINE;EXCEPTION;WEAKMUTATION,0.6541990732463198,2043,1525
com.google.gson.internal.bind.JsonTreeWriter,BRANCH;LINE;EXCEPTION;WEAKMUTATION,0.8118734258986687,237,230
com.google.gson.internal.bind.TypeAdapters,BRANCH;LINE;EXCEPTION;WEAKMUTATION,0.6380973115551472,1147,595
com.google.gson.stream.JsonWriter,BRANCH;LINE;EXCEPTION;WEAKMUTATION,0.8095366795366795,734,666
com.google.gson.internal.bind.ReflectiveTypeAdapterFactory,BRANCH;LINE;EXCEPTION;WEAKMUTATION,0.6186691810344828,296,197
com.google.gson.internal.bind.TypeAdapters,BRANCH;LINE;EXCEPTION;WEAKMUTATION,0.6342725396466802,1142,586
com.google.gson.internal.bind.JsonTreeReader,BRANCH;LINE;EXCEPTION;WEAKMUTATION,0.7809324009324009,693,607
com.google.gson.stream.JsonReader,BRANCH;LINE;EXCEPTION;WEAKMUTATION,0.6151703573051461,2073,1435
com.google.gson.internal.$Gson$Types,BRANCH;LINE;EXCEPTION;WEAKMUTATION,0.6682045335500868,885,657
com.google.gson.stream.JsonWriter,BRANCH;LINE;EXCEPTION;WEAKMUTATION,0.8168040884828206,748,726
com.google.gson.internal.$Gson$Types,BRANCH;LINE;EXCEPTION;WEAKMUTATION,0.6478139780232929,896,632
com.google.gson.DefaultDateTypeAdapter,BRANCH;LINE;EXCEPTION;WEAKMUTATION,0.7492781387084235,104,100
com.google.gson.internal.$Gson$Types,BRANCH;LINE;EXCEPTION;WEAKMUTATION,0.6657240773477068,898,664
com.fasterxml.jackson.core.io.NumberInput,BRANCH;LINE;EXCEPTION;WEAKMUTATION,0.840770733409126,1000,972
com.fasterxml.jackson.core.util.TextBuffer,BRANCH;LINE;EXCEPTION;WEAKMUTATION,0.868306185196088,1098,1077
com.fasterxml.jackson.core.json.ReaderBasedJsonParser,BRANCH;LINE;EXCEPTION;WEAKMUTATION,0.5669385708093113,2458,1448
com.fasterxml.jackson.core.json.UTF8StreamJsonParser,BRANCH;LINE;EXCEPTION;WEAKMUTATION,0.34316578210802456,3702,1143
com.fasterxml.jackson.core.json.UTF8StreamJsonParser,BRANCH;LINE;EXCEPTION;WEAKMUTATION,0.3646987510978789,3733,1226
com.fasterxml.jackson.core.JsonPointer,BRANCH;LINE;EXCEPTION;WEAKMUTATION,0.8414143058721372,523,502
com.fasterxml.jackson.core.JsonPointer,BRANCH;LINE;EXCEPTION;WEAKMUTATION,0.834062964984211,522,497
com.fasterxml.jackson.core.json.JsonWriteContext,BRANCH;LINE;EXCEPTION;WEAKMUTATION,0.8652826855123674,394,386
com.fasterxml.jackson.core.base.ParserMinimalBase,BRANCH;LINE;EXCEPTION;WEAKMUTATION,0.42555493626624796,1188,534
com.fasterxml.jackson.core.json.ReaderBasedJsonParser,BRANCH;LINE;EXCEPTION;WEAKMUTATION,0.4521949560885123,2897,1280
com.fasterxml.jackson.core.json.UTF8StreamJsonParser,BRANCH;LINE;EXCEPTION;WEAKMUTATION,0.30093116305237766,4452,948
com.fasterxml.jackson.core.sym.ByteQuadsCanonicalizer,BRANCH;LINE;EXCEPTION;WEAKMUTATION,0.7253346219163244,1669,1356
com.fasterxml.jackson.core.sym.ByteQuadsCanonicalizer,BRANCH;LINE;EXCEPTION;WEAKMUTATION,0.7362616605778531,1679,1400
com.fasterxml.jackson.core.json.ReaderBasedJsonParser,BRANCH;LINE;EXCEPTION;WEAKMUTATION,0.477422184502797,3446,1633
com.fasterxml.jackson.core.json.UTF8StreamJsonParser,BRANCH;LINE;EXCEPTION;WEAKMUTATION,0.32251826882694196,4497,1019
com.fasterxml.jackson.core.json.JsonGeneratorImpl,BRANCH;LINE;EXCEPTION;WEAKMUTATION,0.9689820609094701,141,138
com.fasterxml.jackson.core.filter.FilteringParserDelegate,BRANCH;LINE;EXCEPTION;WEAKMUTATION,0.5916386333137423,977,651
com.fasterxml.jackson.core.json.UTF8JsonGenerator,BRANCH;LINE;EXCEPTION;WEAKMUTATION,0.47188142489525553,2242,997
com.fasterxml.jackson.core.base.GeneratorBase,BRANCH;LINE;EXCEPTION;WEAKMUTATION,0.7528889238869976,848,654
com.fasterxml.jackson.core.json.UTF8JsonGenerator,BRANCH;LINE;EXCEPTION;WEAKMUTATION,0.33825421371616815,2335,624
com.fasterxml.jackson.core.json.WriterBasedJsonGenerator,BRANCH;LINE;EXCEPTION;WEAKMUTATION,0.48585170127002375,2023,993
com.fasterxml.jackson.core.json.ReaderBasedJsonParser,BRANCH;LINE;EXCEPTION;WEAKMUTATION,0.46879630313743637,3452,1577
com.fasterxml.jackson.core.json.UTF8StreamJsonParser,BRANCH;LINE;EXCEPTION;WEAKMUTATION,0.33040902058434746,4496,1158
com.fasterxml.jackson.core.JsonGenerator,BRANCH;LINE;EXCEPTION;WEAKMUTATION,0.66859040997072,804,656
com.fasterxml.jackson.core.filter.FilteringParserDelegate,BRANCH;LINE;EXCEPTION;WEAKMUTATION,0.5002281693163473,1019,542
com.fasterxml.jackson.core.filter.FilteringParserDelegate,BRANCH;LINE;EXCEPTION;WEAKMUTATION,0.4989984179970709,1019,542
com.fasterxml.jackson.core.base.ParserBase,BRANCH;LINE;EXCEPTION;WEAKMUTATION,0.2954312612179729,1564,305
com.fasterxml.jackson.core.base.ParserMinimalBase,BRANCH;LINE;EXCEPTION;WEAKMUTATION,0.3825203623060385,740,254
com.fasterxml.jackson.core.json.ReaderBasedJsonParser,BRANCH;LINE;EXCEPTION;WEAKMUTATION,0.5280779076676773,3764,2056
com.fasterxml.jackson.databind.util.StdDateFormat,BRANCH;LINE;EXCEPTION;WEAKMUTATION,0.867204214424396,1126,1121
com.fasterxml.jackson.databind.introspect.AnnotationMap,BRANCH;LINE;EXCEPTION;WEAKMUTATION,0.643139097744361,113,79
com.fasterxml.jackson.databind.cfg.BaseSettings,BRANCH;LINE;EXCEPTION;WEAKMUTATION,0.0,166,0
com.fasterxml.jackson.databind.util.StdDateFormat,BRANCH;LINE;EXCEPTION;WEAKMUTATION,0.8551591056440448,706,697
com.fasterxml.jackson.databind.introspect.POJOPropertiesCollector,BRANCH;LINE;EXCEPTION;WEAKMUTATION,0.0,1456,0
com.fasterxml.jackson.databind.jsontype.impl.StdSubtypeResolver,BRANCH;LINE;EXCEPTION;WEAKMUTATION,0.23209154393827885,301,90
com.fasterxml.jackson.databind.util.StdDateFormat,BRANCH;LINE;EXCEPTION;WEAKMUTATION,0.8558351430029579,730,724
com.fasterxml.jackson.databind.util.StdDateFormat,BRANCH;LINE;EXCEPTION;WEAKMUTATION,0.7799624877033693,1108,1021
org.jsoup.nodes.Element,BRANCH;LINE;EXCEPTION;WEAKMUTATION,0.6037213352983045,746,470
org.jsoup.parser.Tag,BRANCH;LINE;EXCEPTION;WEAKMUTATION,0.7392307813668094,496,419
org.jsoup.nodes.Entities,BRANCH;LINE;EXCEPTION;WEAKMUTATION,0.8027831402831402,174,157
org.jsoup.parser.Parser,BRANCH;LINE;EXCEPTION;WEAKMUTATION,0.7814423978483345,491,445
org.jsoup.nodes.Entities,BRANCH;LINE;EXCEPTION;WEAKMUTATION,0.8027831402831402,174,157
org.jsoup.nodes.Node,BRANCH;LINE;EXCEPTION;WEAKMUTATION,0.8376786143295762,456,440
org.jsoup.nodes.Entities,BRANCH;LINE;EXCEPTION;WEAKMUTATION,0.782944832944833,176,155
org.jsoup.select.Selector,BRANCH;LINE;EXCEPTION;WEAKMUTATION,0.699241738285467,574,447
org.jsoup.select.Selector,BRANCH;LINE;EXCEPTION;WEAKMUTATION,0.7004219698632141,655,507
org.jsoup.nodes.Node,BRANCH;LINE;EXCEPTION;WEAKMUTATION,0.8586018103030681,679,665
org.jsoup.parser.TokeniserState,BRANCH;LINE;EXCEPTION;WEAKMUTATION,0.0,2766,0
org.jsoup.parser.TreeBuilderState,BRANCH;LINE;EXCEPTION;WEAKMUTATION,0.0,2617,0
org.jsoup.parser.TreeBuilderState,BRANCH;LINE;EXCEPTION;WEAKMUTATION,0.0,2617,0
org.jsoup.safety.Whitelist,BRANCH;LINE;EXCEPTION;WEAKMUTATION,0.8376798428965363,782,755
org.jsoup.helper.DataUtil,BRANCH;LINE;EXCEPTION;WEAKMUTATION,0.6606510924136383,168,137
org.jsoup.select.CombiningEvaluator,BRANCH;LINE;EXCEPTION;WEAKMUTATION,1.0,64,64
org.jsoup.select.QueryParser,BRANCH;LINE;EXCEPTION;WEAKMUTATION,0.8864350245594885,497,486
org.jsoup.nodes.Element,BRANCH;LINE;EXCEPTION;WEAKMUTATION,0.8367170490535762,851,850
org.jsoup.nodes.Node,BRANCH;LINE;EXCEPTION;WEAKMUTATION,0.7816130102944212,737,634
org.jsoup.parser.Tokeniser,BRANCH;LINE;EXCEPTION;WEAKMUTATION,0.827158025592938,338,333
org.jsoup.parser.TokeniserState,BRANCH;LINE;EXCEPTION;WEAKMUTATION,0.0,2788,0
org.jsoup.parser.Tag,BRANCH;LINE;EXCEPTION;WEAKMUTATION,0.8306672957836825,348,333
org.jsoup.safety.Cleaner,BRANCH;LINE;EXCEPTION;WEAKMUTATION,0.38508403361344534,151,51
org.jsoup.helper.DataUtil,BRANCH;LINE;EXCEPTION;WEAKMUTATION,0.6255081207208867,185,149
org.jsoup.nodes.Entities,BRANCH;LINE;EXCEPTION;WEAKMUTATION,0.5586016096579477,250,149
org.jsoup.parser.Tokeniser,BRANCH;LINE;EXCEPTION;WEAKMUTATION,0.8435974181355097,350,348
org.jsoup.safety.Cleaner,BRANCH;LINE;EXCEPTION;WEAKMUTATION,0.4007088122605364,155,54
org.jsoup.parser.TokeniserState,BRANCH;LINE;EXCEPTION;WEAKMUTATION,0.0,2873,0
org.jsoup.nodes.Element,BRANCH;LINE;EXCEPTION;WEAKMUTATION,0.794325949503414,955,867
org.jsoup.parser.HtmlTreeBuilder,BRANCH;LINE;EXCEPTION;WEAKMUTATION,0.8362524735614165,1431,1419
org.jsoup.parser.HtmlTreeBuilderState,BRANCH;LINE;EXCEPTION;WEAKMUTATION,0.0,2619,0
org.jsoup.helper.DataUtil,BRANCH;LINE;EXCEPTION;WEAKMUTATION,0.6604324880655192,282,227
org.jsoup.parser.HtmlTreeBuilderState,BRANCH;LINE;EXCEPTION;WEAKMUTATION,0.0,2621,0
org.jsoup.helper.DataUtil,BRANCH;LINE;EXCEPTION;WEAKMUTATION,0.5982387831748446,300,213
org.jsoup.nodes.Element,BRANCH;LINE;EXCEPTION;WEAKMUTATION,0.8401636964024957,1063,1049
org.jsoup.nodes.FormElement,BRANCH;LINE;EXCEPTION;WEAKMUTATION,0.4375,108,43
org.jsoup.nodes.Element,BRANCH;LINE;EXCEPTION;WEAKMUTATION,0.8221360152311197,1080,1048
org.jsoup.parser.HtmlTreeBuilder,BRANCH;LINE;EXCEPTION;WEAKMUTATION,0.8394611372763191,1374,1357
org.jsoup.nodes.Entities,BRANCH;LINE;EXCEPTION;WEAKMUTATION,0.6261571463237907,336,235
org.jsoup.nodes.Entities,BRANCH;LINE;EXCEPTION;WEAKMUTATION,0.6468477855931971,336,242
org.jsoup.helper.HttpConnection,BRANCH;LINE;EXCEPTION;WEAKMUTATION,0.6793144262131183,1167,892
org.jsoup.nodes.Node,BRANCH;LINE;EXCEPTION;WEAKMUTATION,0.8138852015831614,905,805
org.jsoup.helper.DataUtil,BRANCH;LINE;EXCEPTION;WEAKMUTATION,0.646698529677162,366,281
org.jsoup.helper.DataUtil,BRANCH;LINE;EXCEPTION;WEAKMUTATION,0.6192288983764855,527,367
org.jsoup.parser.TokenQueue,BRANCH;LINE;EXCEPTION;WEAKMUTATION,0.8688115805762865,879,857
org.jsoup.helper.W3CDom,BRANCH;LINE;EXCEPTION;WEAKMUTATION,0.8505761843790013,134,131
org.jsoup.parser.TokeniserState,BRANCH;LINE;EXCEPTION;WEAKMUTATION,0.0,2569,0
org.jsoup.parser.HtmlTreeBuilderState,BRANCH;LINE;EXCEPTION;WEAKMUTATION,0.0,2650,0
org.jsoup.parser.Token,BRANCH;LINE;EXCEPTION;WEAKMUTATION,0.8648648648648649,378,377
org.jsoup.parser.TokeniserState,BRANCH;LINE;EXCEPTION;WEAKMUTATION,0.0,2570,0
org.jsoup.parser.XmlTreeBuilder,BRANCH;LINE;EXCEPTION;WEAKMUTATION,0.7108568451090378,208,170
org.jsoup.nodes.Attributes,BRANCH;LINE;EXCEPTION;WEAKMUTATION,0.7248322057379585,342,276
org.jsoup.safety.Cleaner,BRANCH;LINE;EXCEPTION;WEAKMUTATION,0.4906084656084656,160,76
org.jsoup.parser.Token,BRANCH;LINE;EXCEPTION;WEAKMUTATION,0.865,385,384
org.jsoup.parser.TokenQueue,BRANCH;LINE;EXCEPTION;WEAKMUTATION,0.8694472710803081,894,873
org.jsoup.select.QueryParser,BRANCH;LINE;EXCEPTION;WEAKMUTATION,0.7807321559970567,676,583
org.jsoup.nodes.Element,BRANCH;LINE;EXCEPTION;WEAKMUTATION,0.8275943605050022,1257,1216
org.jsoup.parser.HtmlTreeBuilderState,BRANCH;LINE;EXCEPTION;WEAKMUTATION,0.0,2650,0
org.jsoup.parser.HtmlTreeBuilder,BRANCH;LINE;EXCEPTION;WEAKMUTATION,0.8109059479092517,1359,1313
org.jsoup.parser.Tokeniser,BRANCH;LINE;EXCEPTION;WEAKMUTATION,0.7563011875511876,436,387
org.jsoup.parser.HtmlTreeBuilderState,BRANCH;LINE;EXCEPTION;WEAKMUTATION,0.0,2711,0
org.jsoup.parser.HtmlTreeBuilder,BRANCH;LINE;EXCEPTION;WEAKMUTATION,0.7988774490564128,1360,1290
org.jsoup.parser.HtmlTreeBuilderState,BRANCH;LINE;EXCEPTION;WEAKMUTATION,0.0,2712,0
org.jsoup.nodes.Element,BRANCH;LINE;EXCEPTION;WEAKMUTATION,0.8057916108502379,1451,1306
org.jsoup.parser.HtmlTreeBuilder,BRANCH;LINE;EXCEPTION;WEAKMUTATION,0.8323352070806666,1378,1362
org.jsoup.parser.HtmlTreeBuilder,BRANCH;LINE;EXCEPTION;WEAKMUTATION,0.8283436274334197,1620,1582
org.jsoup.nodes.FormElement,BRANCH;LINE;EXCEPTION;WEAKMUTATION,0.7141163976333135,111,92
org.jsoup.nodes.Element,BRANCH;LINE;EXCEPTION;WEAKMUTATION,0.8629159169192662,1469,1419
org.jsoup.select.Evaluator,BRANCH;LINE;EXCEPTION;WEAKMUTATION,0.8432865872584098,962,922
org.jsoup.select.QueryParser,BRANCH;LINE;EXCEPTION;WEAKMUTATION,0.7730858943120911,679,579
org.jsoup.helper.W3CDom,BRANCH;LINE;EXCEPTION;WEAKMUTATION,0.8371240959269128,140,136
org.jsoup.helper.StringUtil,BRANCH;LINE;EXCEPTION;WEAKMUTATION,0.8574097341263658,533,513
org.jsoup.nodes.Attributes,BRANCH;LINE;EXCEPTION;WEAKMUTATION,0.7937246450053965,1010,947
org.jsoup.parser.HtmlTreeBuilderState,BRANCH;LINE;EXCEPTION;WEAKMUTATION,0.2505250300838406,2728,2
org.jsoup.helper.DataUtil,BRANCH;LINE;EXCEPTION;WEAKMUTATION,0.6180040222963374,458,327
org.jsoup.helper.DataUtil,BRANCH;LINE;EXCEPTION;WEAKMUTATION,0.6008346107998854,474,317
org.jsoup.helper.DataUtil,BRANCH;LINE;EXCEPTION;WEAKMUTATION,0.6076224116482621,465,317
org.jsoup.parser.CharacterReader,BRANCH;LINE;EXCEPTION;WEAKMUTATION,0.8637220183971878,1179,1177
org.jsoup.parser.TokeniserState,BRANCH;LINE;EXCEPTION;WEAKMUTATION,0.0,2606,0
org.jsoup.helper.W3CDom,BRANCH;LINE;EXCEPTION;WEAKMUTATION,0.8426113360323887,147,145
org.jsoup.nodes.Attribute,BRANCH;LINE;EXCEPTION;WEAKMUTATION,0.8408117977637185,258,258
org.jsoup.nodes.Element,BRANCH;LINE;EXCEPTION;WEAKMUTATION,0.6481827598278936,1565,1002
org.jsoup.parser.HtmlTreeBuilder,BRANCH;LINE;EXCEPTION;WEAKMUTATION,0.6940240644357452,1609,1287
org.jsoup.parser.HtmlTreeBuilderState,BRANCH;LINE;EXCEPTION;WEAKMUTATION,0.2505267008691666,2675,2
org.jsoup.parser.Tag,BRANCH;LINE;EXCEPTION;WEAKMUTATION,0.8226683867882323,376,357
org.jsoup.nodes.Attribute,BRANCH;LINE;EXCEPTION;WEAKMUTATION,0.8273091226472374,260,258
org.jsoup.nodes.Attribute,BRANCH;LINE;EXCEPTION;WEAKMUTATION,0.8382218210599358,260,259
org.jsoup.helper.HttpConnection,BRANCH;LINE;EXCEPTION;WEAKMUTATION,0.6828198994549473,1797,1349
org.jsoup.UncheckedIOException,BRANCH;LINE;EXCEPTION;WEAKMUTATION,1.0,5,5
org.jsoup.parser.CharacterReader,BRANCH;LINE;EXCEPTION;WEAKMUTATION,0.8709390358415549,1117,1111
org.jsoup.nodes.Attributes,BRANCH;LINE;EXCEPTION;WEAKMUTATION,0.7950065878580984,994,922
org.jsoup.parser.HtmlTreeBuilder,BRANCH;LINE;EXCEPTION;WEAKMUTATION,0.7715889398609888,1614,1471
org.jsoup.parser.ParseSettings,BRANCH;LINE;EXCEPTION;WEAKMUTATION,0.9,39,39
org.jsoup.parser.Token,BRANCH;LINE;EXCEPTION;WEAKMUTATION,0.8637096774193549,400,398
org.jsoup.nodes.FormElement,BRANCH;LINE;EXCEPTION;WEAKMUTATION,0.6359174483746988,117,95
org.apache.commons.jxpath.ri.compiler.CoreOperationRelationalExpression,BRANCH;LINE;EXCEPTION;WEAKMUTATION,1.0,13,13
org.apache.commons.jxpath.ri.model.dom.DOMAttributeIterator,BRANCH;LINE;EXCEPTION;WEAKMUTATION,0.15298573975044563,291,12
org.apache.commons.jxpath.ri.NamespaceResolver,BRANCH;LINE;EXCEPTION;WEAKMUTATION,0.7542145354645354,143,118
org.apache.commons.jxpath.ri.model.dom.DOMAttributeIterator,BRANCH;LINE;EXCEPTION;WEAKMUTATION,0.15298573975044563,291,12
org.mockito.internal.util.Timer,BRANCH;LINE;EXCEPTION;WEAKMUTATION,0.84375,40,40
org.mockito.exceptions.Reporter,BRANCH;LINE;EXCEPTION;WEAKMUTATION,0.5961441391256759,269,265
org.mockito.internal.util.reflection.GenericMetadataSupport,BRANCH;LINE;EXCEPTION;WEAKMUTATION,0.2872841821130589,422,94
org.mockito.internal.util.reflection.GenericMetadataSupport,BRANCH;LINE;EXCEPTION;WEAKMUTATION,0.3195737219990318,417,103
org.mockito.internal.creation.DelegatingMethod,BRANCH;LINE;EXCEPTION;WEAKMUTATION,0.2579993535875889,44,9
org.mockito.internal.util.reflection.GenericMaster,BRANCH;LINE;EXCEPTION;WEAKMUTATION,0.2583333333333333,15,4
org.mockito.internal.MockHandler,BRANCH;LINE;EXCEPTION;WEAKMUTATION,0.8406512605042017,62,53
org.mockito.internal.MockHandler,BRANCH;LINE;EXCEPTION;WEAKMUTATION,0.7902930402930403,55,42
org.mockito.internal.configuration.injection.FinalMockCandidateFilter,BRANCH;LINE;EXCEPTION;WEAKMUTATION,0.560064935064935,25,15
org.mockito.internal.MockitoCore,BRANCH;LINE;EXCEPTION;WEAKMUTATION,0.714347205068246,127,115
org.mockito.internal.creation.MockSettingsImpl,BRANCH;LINE;EXCEPTION;WEAKMUTATION,0.8212454212454212,71,67
org.mockito.internal.util.MockUtil,BRANCH;LINE;EXCEPTION;WEAKMUTATION,0.5518107039846171,82,51
org.mockito.internal.stubbing.defaultanswers.ReturnsEmptyValues,BRANCH;LINE;EXCEPTION;WEAKMUTATION,0.5028846153846154,103,52
org.mockito.internal.configuration.injection.filter.FinalMockCandidateFilter,BRANCH;LINE;EXCEPTION;WEAKMUTATION,0.5854166666666667,25,15
org.mockito.internal.configuration.injection.filter.NameBasedCandidateFilter,BRANCH;LINE;EXCEPTION;WEAKMUTATION,0.5491071428571428,27,15
org.mockito.internal.configuration.injection.filter.TypeBasedCandidateFilter,BRANCH;LINE;EXCEPTION;WEAKMUTATION,0.5694444444444444,19,12
org.mockito.internal.configuration.injection.PropertyAndSetterInjection,BRANCH;LINE;EXCEPTION;WEAKMUTATION,0.19572368421052633,103,9
org.mockito.internal.creation.bytebuddy.ByteBuddyMockMaker,BRANCH;LINE;EXCEPTION;WEAKMUTATION,0.4762096774193548,116,53
org.mockito.internal.creation.instance.ConstructorInstantiator,BRANCH;LINE;EXCEPTION;WEAKMUTATION,0.875,31,31
org.mockito.internal.matchers.Equality,BRANCH;LINE;EXCEPTION;WEAKMUTATION,0.48566433566433564,94,48
org.mockito.internal.stubbing.defaultanswers.ReturnsEmptyValues,BRANCH;LINE;EXCEPTION;WEAKMUTATION,0.5209477525653996,98,50
org.mockito.internal.util.Primitives,BRANCH;LINE;EXCEPTION;WEAKMUTATION,0.8333333333333334,20,20
org.mockito.internal.util.MockUtil,BRANCH;LINE;EXCEPTION;WEAKMUTATION,0.6064814814814815,96,66
org.mockito.internal.configuration.DefaultInjectionEngine,BRANCH;LINE;EXCEPTION;WEAKMUTATION,0.3093501326259947,68,16
org.mockito.internal.stubbing.defaultanswers.ReturnsSmartNulls,BRANCH;LINE;EXCEPTION;WEAKMUTATION,0.19572368421052633,41,5
org.mockito.internal.stubbing.defaultanswers.ReturnsSmartNulls,BRANCH;LINE;EXCEPTION;WEAKMUTATION,0.19791666666666666,33,5
org.mockito.internal.configuration.SpyAnnotationEngine,BRANCH;LINE;EXCEPTION;WEAKMUTATION,0.3894927536231884,73,26
org.mockito.internal.invocation.InvocationMatcher,BRANCH;LINE;EXCEPTION;WEAKMUTATION,0.2395374005839122,165,71
org.mockito.internal.invocation.InvocationMatcher,BRANCH;LINE;EXCEPTION;WEAKMUTATION,0.4352127490672382,145,61
org.mockito.internal.invocation.Invocation,BRANCH;LINE;EXCEPTION;WEAKMUTATION,0.19756493506493505,268,10
org.mockito.internal.stubbing.answers.AnswersValidator,BRANCH;LINE;EXCEPTION;WEAKMUTATION,0.5099206349206349,68,37
org.mockito.internal.verification.argumentmatching.ArgumentMatchingTool,BRANCH;LINE;EXCEPTION;WEAKMUTATION,0.16944444444444445,60,4
com.google.javascript.jscomp.CodeConsumer,BRANCH;LINE;EXCEPTION;WEAKMUTATION,0.3152387373413922,530,55
com.google.javascript.jscomp.CodeConsumer,BRANCH;LINE;EXCEPTION;WEAKMUTATION,0.31945047728944637,497,55
com.google.javascript.jscomp.SourceMap,BRANCH;LINE;EXCEPTION;WEAKMUTATION,0.28752247488101534,173,9
com.google.javascript.jscomp.CodeConsumer,BRANCH;LINE;EXCEPTION;WEAKMUTATION,0.2988419962104173,470,36
com.google.javascript.jscomp.CodeGenerator,BRANCH;LINE;EXCEPTION;WEAKMUTATION,0.34969008627873116,2041,630
com.google.javascript.jscomp.CodeGenerator,BRANCH;LINE;EXCEPTION;WEAKMUTATION,0.28675757891206033,1966,439
com.google.javascript.jscomp.PeepholeFoldConstants,BRANCH;LINE;EXCEPTION;WEAKMUTATION,0.3682650697062477,2078,698
com.google.javascript.rhino.TokenStream,BRANCH;LINE;EXCEPTION;WEAKMUTATION,0.7627413843255129,596,507
com.google.javascript.jscomp.CodeGenerator,BRANCH;LINE;EXCEPTION;WEAKMUTATION,0.30738983900175254,1759,436
com.google.javascript.jscomp.PeepholeFoldConstants,BRANCH;LINE;EXCEPTION;WEAKMUTATION,0.35544733573379267,2111,686
com.google.javascript.jscomp.CodeGenerator,BRANCH;LINE;EXCEPTION;WEAKMUTATION,0.33202752068430263,1951,549
