bug,test_files,methods,compile_buggy,test_buggy,compile_fixed,test_fixed,fault_detected,lines_covered,lines_total,line_pct,cond_covered,cond_total,cond_pct,note
1,1,1,PASS,FAIL,PASS,PASS,YES,34,574,5.9,10,242,4.1,
2,1,2,PASS,FAIL,PASS,PASS,YES,41,813,5.0,21,548,3.8,
3,1,1,PASS,FAIL,PASS,PASS,YES,80,382,20.9,26,186,14.0,
4,1,1,PASS,FAIL,PASS,FAIL,NO,199,1809,11.0,57,966,5.9,
5,1,1,PASS,FAIL,PASS,PASS,YES,36,175,20.6,13,80,16.2,
6,1,1,PASS,FAIL,PASS,PASS,YES,11,34,32.4,5,16,31.2,
7,1,1,PASS,FAIL,PASS,PASS,YES,75,159,47.2,25,54,46.3,
8,1,1,PASS,PASS,PASS,PASS,NO,40,162,24.7,5,68,7.4,
9,1,1,FAIL,NOT_RUN,FAIL,NOT_RUN,NO,,,,,,,
10,1,1,PASS,FAIL,PASS,PASS,YES,3,3,100.0,0,0,0.0,
11,1,1,PASS,FAIL,PASS,PASS,YES,16,197,8.1,8,116,6.9,
12,1,1,PASS,FAIL,PASS,PASS,YES,29,190,15.3,6,84,7.1,
13,1,1,FAIL,NOT_RUN,FAIL,NOT_RUN,NO,,,,,,,
14,1,2,FAIL,NOT_RUN,FAIL,NOT_RUN,NO,,,,,,,
15,1,2,PASS,FAIL,PASS,PASS,YES,76,839,9.1,5,316,1.6,
16,1,1,PASS,FAIL,PASS,PASS,YES,33,188,17.6,9,128,7.0,
17,1,1,PASS,FAIL,PASS,PASS,YES,32,289,11.1,10,128,7.8,
18,1,2,PASS,FAIL,PASS,PASS,YES,33,271,12.2,9,126,7.1,
19,1,2,PASS,FAIL,PASS,PASS,YES,137,1140,12.0,33,598,5.5,
20,1,1,PASS,FAIL,PASS,PASS,YES,4,22,18.2,0,8,0.0,
21,1,1,PASS,FAIL,PASS,PASS,YES,70,187,37.4,29,82,35.4,
22,1,1,PASS,FAIL,PASS,PASS,YES,40,145,27.6,13,74,17.6,
23,1,1,PASS,FAIL,PASS,PASS,YES,41,156,26.3,11,56,19.6,
24,1,1,PASS,FAIL,PASS,PASS,YES,9,25,36.0,1,10,10.0,
25,1,4,PASS,FAIL,PASS,PASS,YES,111,182,61.0,32,90,35.6,
26,1,1,PASS,FAIL,PASS,PASS,YES,138,351,39.3,19,130,14.6,
