project,bug,status,target_class,line_covered,line_missed,line_total,line_coverage_pct,report_found
cli,1,PASS,org.apache.commons.cli.CommandLine,32,13,45,71.11,YES
cli,2,PASS,org.apache.commons.cli.CommandLine,32,13,45,71.11,YES
cli,3,PASS,org.apache.commons.cli.CommandLine,32,13,45,71.11,YES
cli,4,PASS,org.apache.commons.cli.CommandLine,32,13,45,71.11,YES
cli,5,PASS,org.apache.commons.cli.CommandLine,32,13,45,71.11,YES
cli,6,NO_ARTIFACT,org.apache.commons.cli.CommandLine,,,,,NO
cli,7,LOAD_FAIL,org.apache.commons.cli.CommandLine,,,,,NO
cli,8,PASS,org.apache.commons.cli.CommandLine,32,13,45,71.11,YES
cli,9,PASS,org.apache.commons.cli.CommandLine,32,13,45,71.11,YES
cli,10,PASS,org.apache.commons.cli.CommandLine,32,13,45,71.11,YES
cli,11,PASS,org.apache.commons.cli.CommandLine,32,13,45,71.11,YES
cli,12,PASS,org.apache.commons.cli.CommandLine,32,13,45,71.11,YES
cli,13,LOAD_FAIL,org.apache.commons.cli.CommandLine,,,,,NO
cli,14,LOAD_FAIL,org.apache.commons.cli.CommandLine,,,,,NO
cli,15,LOAD_FAIL,org.apache.commons.cli.CommandLine,,,,,NO
cli,16,LOAD_FAIL,org.apache.commons.cli.CommandLine,,,,,NO
cli,17,PASS,org.apache.commons.cli.CommandLine,35,24,59,59.32,YES
cli,18,PASS,org.apache.commons.cli.CommandLine,35,24,59,59.32,YES
cli,19,PASS,org.apache.commons.cli.CommandLine,35,24,59,59.32,YES
cli,20,PASS,org.apache.commons.cli.CommandLine,35,24,59,59.32,YES
cli,21,LOAD_FAIL,org.apache.commons.cli.CommandLine,,,,,NO
cli,22,PASS,org.apache.commons.cli.CommandLine,35,24,59,59.32,YES
cli,23,PASS,org.apache.commons.cli.CommandLine,36,28,64,56.25,YES
cli,24,PASS,org.apache.commons.cli.CommandLine,36,28,64,56.25,YES
cli,25,PASS,org.apache.commons.cli.CommandLine,36,28,64,56.25,YES
cli,26,PASS,org.apache.commons.cli.CommandLine,36,28,64,56.25,YES
cli,27,PASS,org.apache.commons.cli.CommandLine,36,28,64,56.25,YES
cli,28,PASS,org.apache.commons.cli.CommandLine,36,28,64,56.25,YES
cli,29,PASS,org.apache.commons.cli.CommandLine,36,28,64,56.25,YES
cli,30,PASS,org.apache.commons.cli.CommandLine,36,27,63,57.14,YES
cli,31,PASS,org.apache.commons.cli.CommandLine,36,27,63,57.14,YES
cli,32,PASS,org.apache.commons.cli.CommandLine,36,27,63,57.14,YES
cli,33,PASS,org.apache.commons.cli.CommandLine,36,27,63,57.14,YES
cli,34,PASS,org.apache.commons.cli.CommandLine,36,26,62,58.06,YES
cli,35,PASS,org.apache.commons.cli.CommandLine,36,23,59,61.02,YES
cli,36,PASS,org.apache.commons.cli.CommandLine,36,23,59,61.02,YES
cli,37,PASS,org.apache.commons.cli.CommandLine,36,23,59,61.02,YES
cli,38,PASS,org.apache.commons.cli.CommandLine,36,23,59,61.02,YES
cli,39,PASS,org.apache.commons.cli.CommandLine,48,30,78,61.54,YES
closure,1,CRASH,com.google.javascript.jscomp.Compiler,0,877,877,0.00,YES
closure,2,CRASH,com.google.javascript.jscomp.Compiler,0,876,876,0.00,YES
closure,3,CRASH,com.google.javascript.jscomp.Compiler,0,878,878,0.00,YES
closure,4,CRASH,com.google.javascript.jscomp.Compiler,0,878,878,0.00,YES
closure,5,CRASH,com.google.javascript.jscomp.Compiler,0,876,876,0.00,YES
closure,6,CRASH,com.google.javascript.jscomp.Compiler,0,876,876,0.00,YES
closure,7,CRASH,com.google.javascript.jscomp.Compiler,0,883,883,0.00,YES
closure,8,CRASH,com.google.javascript.jscomp.Compiler,0,876,876,0.00,YES
closure,9,CRASH,com.google.javascript.jscomp.Compiler,0,876,876,0.00,YES
closure,10,CRASH,com.google.javascript.jscomp.Compiler,0,876,876,0.00,YES
closure,11,CRASH,com.google.javascript.jscomp.Compiler,0,876,876,0.00,YES
closure,12,CRASH,com.google.javascript.jscomp.Compiler,0,876,876,0.00,YES
closure,13,CRASH,com.google.javascript.jscomp.Compiler,0,876,876,0.00,YES
closure,14,CRASH,com.google.javascript.jscomp.Compiler,0,871,871,0.00,YES
closure,15,CRASH,com.google.javascript.jscomp.Compiler,0,871,871,0.00,YES
closure,16,CRASH,com.google.javascript.jscomp.Compiler,0,871,871,0.00,YES
closure,17,CRASH,com.google.javascript.jscomp.Compiler,0,871,871,0.00,YES
closure,18,CRASH,com.google.javascript.jscomp.Compiler,0,871,871,0.00,YES
closure,19,CRASH,com.google.javascript.jscomp.Compiler,0,871,871,0.00,YES
closure,20,CRASH,com.google.javascript.jscomp.Compiler,0,871,871,0.00,YES
closure,21,CRASH,com.google.javascript.jscomp.Compiler,0,871,871,0.00,YES
closure,22,CRASH,com.google.javascript.jscomp.Compiler,0,871,871,0.00,YES
closure,23,CRASH,com.google.javascript.jscomp.Compiler,0,871,871,0.00,YES
closure,24,CRASH,com.google.javascript.jscomp.Compiler,0,871,871,0.00,YES
closure,25,CRASH,com.google.javascript.jscomp.Compiler,0,867,867,0.00,YES
closure,26,CRASH,com.google.javascript.jscomp.Compiler,0,867,867,0.00,YES
closure,27,CRASH,com.google.javascript.jscomp.Compiler,0,867,867,0.00,YES
closure,28,CRASH,com.google.javascript.jscomp.Compiler,0,867,867,0.00,YES
closure,29,CRASH,com.google.javascript.jscomp.Compiler,0,867,867,0.00,YES
closure,30,CRASH,com.google.javascript.jscomp.Compiler,0,847,847,0.00,YES
closure,31,CRASH,com.google.javascript.jscomp.Compiler,0,847,847,0.00,YES
closure,32,CRASH,com.google.javascript.jscomp.Compiler,0,847,847,0.00,YES
closure,33,CRASH,com.google.javascript.jscomp.Compiler,0,847,847,0.00,YES
closure,34,CRASH,com.google.javascript.jscomp.Compiler,0,847,847,0.00,YES
closure,35,CRASH,com.google.javascript.jscomp.Compiler,0,812,812,0.00,YES
closure,36,CRASH,com.google.javascript.jscomp.Compiler,0,812,812,0.00,YES
closure,37,CRASH,com.google.javascript.jscomp.Compiler,0,812,812,0.00,YES
closure,38,CRASH,com.google.javascript.jscomp.Compiler,0,776,776,0.00,YES
closure,39,CRASH,com.google.javascript.jscomp.Compiler,0,762,762,0.00,YES
closure,40,CRASH,com.google.javascript.jscomp.Compiler,0,762,762,0.00,YES
closure,41,CRASH,com.google.javascript.jscomp.Compiler,0,760,760,0.00,YES
closure,42,CRASH,com.google.javascript.jscomp.Compiler,0,760,760,0.00,YES
closure,43,CRASH,com.google.javascript.jscomp.Compiler,0,760,760,0.00,YES
closure,44,CRASH,com.google.javascript.jscomp.Compiler,0,700,700,0.00,YES
closure,45,CRASH,com.google.javascript.jscomp.Compiler,0,700,700,0.00,YES
closure,46,CRASH,com.google.javascript.jscomp.Compiler,0,699,699,0.00,YES
closure,47,CRASH,com.google.javascript.jscomp.Compiler,0,699,699,0.00,YES
closure,48,CRASH,com.google.javascript.jscomp.Compiler,0,699,699,0.00,YES
closure,49,CRASH,com.google.javascript.jscomp.Compiler,0,699,699,0.00,YES
closure,50,CRASH,com.google.javascript.jscomp.Compiler,0,702,702,0.00,YES
closure,51,CRASH,com.google.javascript.jscomp.Compiler,0,701,701,0.00,YES
closure,52,CRASH,com.google.javascript.jscomp.Compiler,0,700,700,0.00,YES
closure,53,CRASH,com.google.javascript.jscomp.Compiler,0,700,700,0.00,YES
closure,54,CRASH,com.google.javascript.jscomp.Compiler,0,698,698,0.00,YES
closure,55,CRASH,com.google.javascript.jscomp.Compiler,0,697,697,0.00,YES
closure,56,CRASH,com.google.javascript.jscomp.Compiler,0,697,697,0.00,YES
closure,57,CRASH,com.google.javascript.jscomp.Compiler,0,697,697,0.00,YES
closure,58,CRASH,com.google.javascript.jscomp.Compiler,0,697,697,0.00,YES
closure,59,CRASH,com.google.javascript.jscomp.Compiler,0,681,681,0.00,YES
closure,60,CRASH,com.google.javascript.jscomp.Compiler,0,662,662,0.00,YES
closure,61,CRASH,com.google.javascript.jscomp.Compiler,0,660,660,0.00,YES
closure,62,CRASH,com.google.javascript.jscomp.Compiler,0,660,660,0.00,YES
closure,63,NO_ARTIFACT,com.google.javascript.jscomp.Compiler,,,,,NO
closure,64,CRASH,com.google.javascript.jscomp.Compiler,0,660,660,0.00,YES
closure,65,CRASH,com.google.javascript.jscomp.Compiler,0,660,660,0.00,YES
closure,66,CRASH,com.google.javascript.jscomp.Compiler,0,660,660,0.00,YES
closure,67,CRASH,com.google.javascript.jscomp.Compiler,0,660,660,0.00,YES
closure,68,CRASH,com.google.javascript.jscomp.Compiler,0,660,660,0.00,YES
closure,69,CRASH,com.google.javascript.jscomp.Compiler,0,660,660,0.00,YES
closure,70,CRASH,com.google.javascript.jscomp.Compiler,0,651,651,0.00,YES
closure,71,CRASH,com.google.javascript.jscomp.Compiler,0,651,651,0.00,YES
closure,72,CRASH,com.google.javascript.jscomp.Compiler,0,652,652,0.00,YES
closure,73,CRASH,com.google.javascript.jscomp.Compiler,0,648,648,0.00,YES
closure,74,CRASH,com.google.javascript.jscomp.Compiler,0,646,646,0.00,YES
closure,75,CRASH,com.google.javascript.jscomp.Compiler,0,646,646,0.00,YES
closure,76,CRASH,com.google.javascript.jscomp.Compiler,0,644,644,0.00,YES
closure,77,CRASH,com.google.javascript.jscomp.Compiler,0,644,644,0.00,YES
closure,78,CRASH,com.google.javascript.jscomp.Compiler,0,644,644,0.00,YES
closure,79,CRASH,com.google.javascript.jscomp.Compiler,0,624,624,0.00,YES
closure,80,CRASH,com.google.javascript.jscomp.Compiler,0,624,624,0.00,YES
closure,81,CRASH,com.google.javascript.jscomp.Compiler,0,624,624,0.00,YES
closure,82,CRASH,com.google.javascript.jscomp.Compiler,0,623,623,0.00,YES
closure,83,CRASH,com.google.javascript.jscomp.Compiler,0,618,618,0.00,YES
closure,84,CRASH,com.google.javascript.jscomp.Compiler,0,618,618,0.00,YES
closure,85,CRASH,com.google.javascript.jscomp.Compiler,0,615,615,0.00,YES
closure,86,CRASH,com.google.javascript.jscomp.Compiler,0,615,615,0.00,YES
closure,87,CRASH,com.google.javascript.jscomp.Compiler,0,621,621,0.00,YES
closure,88,CRASH,com.google.javascript.jscomp.Compiler,0,621,621,0.00,YES
closure,89,CRASH,com.google.javascript.jscomp.Compiler,0,604,604,0.00,YES
closure,90,CRASH,com.google.javascript.jscomp.Compiler,0,604,604,0.00,YES
closure,91,CRASH,com.google.javascript.jscomp.Compiler,0,604,604,0.00,YES
closure,92,CRASH,com.google.javascript.jscomp.Compiler,0,604,604,0.00,YES
closure,93,NO_ARTIFACT,com.google.javascript.jscomp.Compiler,,,,,NO
closure,94,CRASH,com.google.javascript.jscomp.Compiler,0,599,599,0.00,YES
closure,95,CRASH,com.google.javascript.jscomp.Compiler,0,599,599,0.00,YES
closure,96,CRASH,com.google.javascript.jscomp.Compiler,0,599,599,0.00,YES
closure,97,CRASH,com.google.javascript.jscomp.Compiler,0,586,586,0.00,YES
closure,98,CRASH,com.google.javascript.jscomp.Compiler,0,576,576,0.00,YES
closure,99,CRASH,com.google.javascript.jscomp.Compiler,0,576,576,0.00,YES
closure,100,CRASH,com.google.javascript.jscomp.Compiler,0,576,576,0.00,YES
closure,101,CRASH,com.google.javascript.jscomp.Compiler,0,536,536,0.00,YES
closure,102,CRASH,com.google.javascript.jscomp.Compiler,0,519,519,0.00,YES
closure,103,CRASH,com.google.javascript.jscomp.Compiler,0,524,524,0.00,YES
closure,104,CRASH,com.google.javascript.jscomp.Compiler,0,524,524,0.00,YES
closure,105,CRASH,com.google.javascript.jscomp.Compiler,0,519,519,0.00,YES
closure,106,CRASH,com.google.javascript.jscomp.Compiler,0,726,726,0.00,YES
closure,107,CRASH,com.google.javascript.jscomp.Compiler,0,914,914,0.00,YES
closure,108,CRASH,com.google.javascript.jscomp.Compiler,0,914,914,0.00,YES
closure,109,CRASH,com.google.javascript.jscomp.Compiler,0,906,906,0.00,YES
closure,110,CRASH,com.google.javascript.jscomp.Compiler,0,904,904,0.00,YES
closure,111,CRASH,com.google.javascript.jscomp.Compiler,0,904,904,0.00,YES
closure,112,CRASH,com.google.javascript.jscomp.Compiler,0,904,904,0.00,YES
closure,113,CRASH,com.google.javascript.jscomp.Compiler,0,904,904,0.00,YES
closure,114,CRASH,com.google.javascript.jscomp.Compiler,0,904,904,0.00,YES
closure,115,CRASH,com.google.javascript.jscomp.Compiler,0,904,904,0.00,YES
closure,116,CRASH,com.google.javascript.jscomp.Compiler,0,903,903,0.00,YES
closure,117,CRASH,com.google.javascript.jscomp.Compiler,0,903,903,0.00,YES
closure,118,CRASH,com.google.javascript.jscomp.Compiler,0,903,903,0.00,YES
closure,119,CRASH,com.google.javascript.jscomp.Compiler,0,903,903,0.00,YES
closure,120,CRASH,com.google.javascript.jscomp.Compiler,0,903,903,0.00,YES
closure,121,CRASH,com.google.javascript.jscomp.Compiler,0,903,903,0.00,YES
closure,122,CRASH,com.google.javascript.jscomp.Compiler,0,903,903,0.00,YES
closure,123,CRASH,com.google.javascript.jscomp.Compiler,0,903,903,0.00,YES
closure,124,CRASH,com.google.javascript.jscomp.Compiler,0,903,903,0.00,YES
closure,125,CRASH,com.google.javascript.jscomp.Compiler,0,903,903,0.00,YES
closure,126,CRASH,com.google.javascript.jscomp.Compiler,0,907,907,0.00,YES
closure,127,CRASH,com.google.javascript.jscomp.Compiler,0,907,907,0.00,YES
closure,128,CRASH,com.google.javascript.jscomp.Compiler,0,906,906,0.00,YES
closure,129,CRASH,com.google.javascript.jscomp.Compiler,0,906,906,0.00,YES
closure,130,CRASH,com.google.javascript.jscomp.Compiler,0,883,883,0.00,YES
closure,131,CRASH,com.google.javascript.jscomp.Compiler,0,883,883,0.00,YES
closure,132,CRASH,com.google.javascript.jscomp.Compiler,0,883,883,0.00,YES
closure,133,CRASH,com.google.javascript.jscomp.Compiler,0,880,880,0.00,YES
codec,1,CRASH,org.apache.commons.codec.binary.Base64,175,8,183,95.63,YES
codec,2,PASS,org.apache.commons.codec.binary.Base64,180,34,214,84.11,YES
codec,3,CRASH,org.apache.commons.codec.binary.Base64,105,126,231,45.45,YES
codec,4,CRASH,org.apache.commons.codec.binary.Base64,169,62,231,73.16,YES
codec,5,CRASH,org.apache.commons.codec.binary.Base64,189,42,231,81.82,YES
codec,6,CRASH,org.apache.commons.codec.binary.Base64,144,89,233,61.80,YES
codec,7,CRASH,org.apache.commons.codec.binary.Base64,190,43,233,81.55,YES
codec,8,CRASH,org.apache.commons.codec.binary.Base64,167,56,223,74.89,YES
codec,9,CRASH,org.apache.commons.codec.binary.Base64,45,175,220,20.45,YES
codec,10,CRASH,org.apache.commons.codec.binary.Base64,98,46,144,68.06,YES
codec,11,CRASH,org.apache.commons.codec.binary.Base64,122,22,144,84.72,YES
codec,12,CRASH,org.apache.commons.codec.binary.Base64,78,66,144,54.17,YES
codec,13,CRASH,org.apache.commons.codec.binary.Base64,123,26,149,82.55,YES
codec,14,CRASH,org.apache.commons.codec.binary.Base64,111,38,149,74.50,YES
codec,15,CRASH,org.apache.commons.codec.binary.Base64,108,41,149,72.48,YES
codec,16,CRASH,org.apache.commons.codec.binary.Base64,65,84,149,43.62,YES
codec,17,CRASH,org.apache.commons.codec.binary.Base64,106,43,149,71.14,YES
codec,18,CRASH,org.apache.commons.codec.binary.Base64,48,101,149,32.21,YES
collections,1,CRASH,org.apache.commons.collections4.ListUtils,,,,,NO
collections,2,CRASH,org.apache.commons.collections4.ListUtils,,,,,NO
collections,3,CRASH,org.apache.commons.collections4.ListUtils,,,,,NO
collections,4,CRASH,org.apache.commons.collections4.ListUtils,,,,,NO
collections,5,CRASH,org.apache.commons.collections4.ListUtils,,,,,NO
collections,6,CRASH,org.apache.commons.collections4.ListUtils,,,,,NO
collections,7,CRASH,org.apache.commons.collections4.ListUtils,,,,,NO
collections,8,CRASH,org.apache.commons.collections4.ListUtils,,,,,NO
collections,9,CRASH,org.apache.commons.collections4.ListUtils,,,,,NO
collections,10,CRASH,org.apache.commons.collections4.ListUtils,,,,,NO
collections,11,CRASH,org.apache.commons.collections4.ListUtils,,,,,NO
collections,12,CRASH,org.apache.commons.collections4.ListUtils,,,,,NO
collections,13,CRASH,org.apache.commons.collections4.ListUtils,,,,,NO
collections,14,CRASH,org.apache.commons.collections4.ListUtils,,,,,NO
collections,15,CRASH,org.apache.commons.collections4.ListUtils,,,,,NO
collections,16,CRASH,org.apache.commons.collections4.ListUtils,,,,,NO
collections,17,CRASH,org.apache.commons.collections4.ListUtils,,,,,NO
collections,18,CRASH,org.apache.commons.collections4.ListUtils,,,,,NO
collections,19,CRASH,org.apache.commons.collections4.ListUtils,,,,,NO
collections,20,CRASH,org.apache.commons.collections4.ListUtils,,,,,NO
collections,21,CRASH,org.apache.commons.collections4.ListUtils,55,25,80,68.75,YES
collections,22,CRASH,org.apache.commons.collections4.ListUtils,8,90,98,8.16,YES
collections,23,CRASH,org.apache.commons.collections4.ListUtils,43,55,98,43.88,YES
collections,24,CRASH,org.apache.commons.collections4.ListUtils,15,83,98,15.31,YES
collections,25,CRASH,org.apache.commons.collections4.ListUtils,26,72,98,26.53,YES
collections,26,CRASH,org.apache.commons.collections4.ListUtils,42,56,98,42.86,YES
collections,27,CRASH,org.apache.commons.collections4.ListUtils,17,81,98,17.35,YES
collections,28,CRASH,org.apache.commons.collections4.ListUtils,63,35,98,64.29,YES
compress,1,PASS,org.apache.commons.compress.archivers.ArchiveStreamFactory,40,11,51,78.43,YES
compress,2,PASS,org.apache.commons.compress.archivers.ArchiveStreamFactory,40,11,51,78.43,YES
compress,3,PASS,org.apache.commons.compress.archivers.ArchiveStreamFactory,43,10,53,81.13,YES
compress,4,PASS,org.apache.commons.compress.archivers.ArchiveStreamFactory,37,16,53,69.81,YES
compress,5,PASS,org.apache.commons.compress.archivers.ArchiveStreamFactory,35,18,53,66.04,YES
compress,6,PASS,org.apache.commons.compress.archivers.ArchiveStreamFactory,42,11,53,79.25,YES
compress,7,PASS,org.apache.commons.compress.archivers.ArchiveStreamFactory,42,15,57,73.68,YES
compress,8,PASS,org.apache.commons.compress.archivers.ArchiveStreamFactory,44,13,57,77.19,YES
compress,9,PASS,org.apache.commons.compress.archivers.ArchiveStreamFactory,49,20,69,71.01,YES
compress,10,PASS,org.apache.commons.compress.archivers.ArchiveStreamFactory,51,18,69,73.91,YES
compress,11,PASS,org.apache.commons.compress.archivers.ArchiveStreamFactory,51,18,69,73.91,YES
compress,12,PASS,org.apache.commons.compress.archivers.ArchiveStreamFactory,51,19,70,72.86,YES
compress,13,PASS,org.apache.commons.compress.archivers.ArchiveStreamFactory,51,19,70,72.86,YES
compress,14,PASS,org.apache.commons.compress.archivers.ArchiveStreamFactory,47,23,70,67.14,YES
compress,15,PASS,org.apache.commons.compress.archivers.ArchiveStreamFactory,51,19,70,72.86,YES
compress,16,PASS,org.apache.commons.compress.archivers.ArchiveStreamFactory,49,21,70,70.00,YES
compress,17,PASS,org.apache.commons.compress.archivers.ArchiveStreamFactory,60,32,92,65.22,YES
compress,18,PASS,org.apache.commons.compress.archivers.ArchiveStreamFactory,60,32,92,65.22,YES
compress,19,PASS,org.apache.commons.compress.archivers.ArchiveStreamFactory,62,36,98,63.27,YES
compress,20,PASS,org.apache.commons.compress.archivers.ArchiveStreamFactory,62,36,98,63.27,YES
compress,21,PASS,org.apache.commons.compress.archivers.ArchiveStreamFactory,63,41,104,60.58,YES
compress,22,PASS,org.apache.commons.compress.archivers.ArchiveStreamFactory,64,37,101,63.37,YES
compress,23,PASS,org.apache.commons.compress.archivers.ArchiveStreamFactory,64,37,101,63.37,YES
compress,24,PASS,org.apache.commons.compress.archivers.ArchiveStreamFactory,64,37,101,63.37,YES
compress,25,PASS,org.apache.commons.compress.archivers.ArchiveStreamFactory,64,37,101,63.37,YES
compress,26,PASS,org.apache.commons.compress.archivers.ArchiveStreamFactory,66,41,107,61.68,YES
compress,27,PASS,org.apache.commons.compress.archivers.ArchiveStreamFactory,63,44,107,58.88,YES
compress,28,PASS,org.apache.commons.compress.archivers.ArchiveStreamFactory,60,47,107,56.07,YES
compress,29,CRASH,org.apache.commons.compress.archivers.ArchiveStreamFactory,57,61,118,48.31,YES
compress,30,CRASH,org.apache.commons.compress.archivers.ArchiveStreamFactory,21,101,122,17.21,YES
compress,31,CRASH,org.apache.commons.compress.archivers.ArchiveStreamFactory,57,65,122,46.72,YES
compress,32,CRASH,org.apache.commons.compress.archivers.ArchiveStreamFactory,57,65,122,46.72,YES
compress,33,CRASH,org.apache.commons.compress.archivers.ArchiveStreamFactory,57,65,122,46.72,YES
compress,34,CRASH,org.apache.commons.compress.archivers.ArchiveStreamFactory,46,76,122,37.70,YES
compress,35,CRASH,org.apache.commons.compress.archivers.ArchiveStreamFactory,21,93,114,18.42,YES
compress,36,CRASH,org.apache.commons.compress.archivers.ArchiveStreamFactory,32,82,114,28.07,YES
compress,37,CRASH,org.apache.commons.compress.archivers.ArchiveStreamFactory,46,68,114,40.35,YES
compress,38,CRASH,org.apache.commons.compress.archivers.ArchiveStreamFactory,57,57,114,50.00,YES
compress,39,CRASH,org.apache.commons.compress.archivers.ArchiveStreamFactory,57,57,114,50.00,YES
compress,40,CRASH,org.apache.commons.compress.archivers.ArchiveStreamFactory,57,57,114,50.00,YES
compress,41,CRASH,org.apache.commons.compress.archivers.ArchiveStreamFactory,69,72,141,48.94,YES
compress,42,CRASH,org.apache.commons.compress.archivers.ArchiveStreamFactory,33,108,141,23.40,YES
compress,43,CRASH,org.apache.commons.compress.archivers.ArchiveStreamFactory,83,66,149,55.70,YES
compress,44,CRASH,org.apache.commons.compress.archivers.ArchiveStreamFactory,81,68,149,54.36,YES
compress,45,CRASH,org.apache.commons.compress.archivers.ArchiveStreamFactory,83,66,149,55.70,YES
compress,46,CRASH,org.apache.commons.compress.archivers.ArchiveStreamFactory,66,83,149,44.30,YES
compress,47,CRASH,org.apache.commons.compress.archivers.ArchiveStreamFactory,83,66,149,55.70,YES
csv,1,CRASH,org.apache.commons.csv.CSVFormat,81,14,95,85.26,YES
csv,2,CRASH,org.apache.commons.csv.CSVFormat,84,39,123,68.29,YES
csv,3,CRASH,org.apache.commons.csv.CSVFormat,88,37,125,70.40,YES
csv,4,CRASH,org.apache.commons.csv.CSVFormat,46,122,168,27.38,YES
csv,5,CRASH,org.apache.commons.csv.CSVFormat,102,66,168,60.71,YES
csv,6,CRASH,org.apache.commons.csv.CSVFormat,93,75,168,55.36,YES
csv,7,CRASH,org.apache.commons.csv.CSVFormat,86,82,168,51.19,YES
csv,8,CRASH,org.apache.commons.csv.CSVFormat,104,75,179,58.10,YES
csv,9,CRASH,org.apache.commons.csv.CSVFormat,117,61,178,65.73,YES
csv,10,CRASH,org.apache.commons.csv.CSVFormat,48,131,179,26.82,YES
csv,11,CRASH,org.apache.commons.csv.CSVFormat,90,99,189,47.62,YES
csv,12,CRASH,org.apache.commons.csv.CSVFormat,66,118,184,35.87,YES
csv,13,CRASH,org.apache.commons.csv.CSVFormat,60,150,210,28.57,YES
csv,14,CRASH,org.apache.commons.csv.CSVFormat,152,191,343,44.31,YES
csv,15,CRASH,org.apache.commons.csv.CSVFormat,99,283,382,25.92,YES
csv,16,CRASH,org.apache.commons.csv.CSVFormat,192,198,390,49.23,YES
gson,1,CRASH,com.google.gson.Gson,78,35,113,69.03,YES
gson,2,CRASH,com.google.gson.Gson,130,93,223,58.30,YES
gson,3,CRASH,com.google.gson.Gson,86,137,223,38.57,YES
gson,4,CRASH,com.google.gson.Gson,120,117,237,50.63,YES
gson,5,CRASH,com.google.gson.Gson,151,86,237,63.71,YES
gson,6,CRASH,com.google.gson.Gson,106,131,237,44.73,YES
gson,7,CRASH,com.google.gson.Gson,140,97,237,59.07,YES
gson,8,CRASH,com.google.gson.Gson,125,110,235,53.19,YES
gson,9,CRASH,com.google.gson.Gson,105,130,235,44.68,YES
gson,10,CRASH,com.google.gson.Gson,116,125,241,48.13,YES
gson,11,CRASH,com.google.gson.Gson,155,88,243,63.79,YES
gson,12,CRASH,com.google.gson.Gson,155,88,243,63.79,YES
gson,13,CRASH,com.google.gson.Gson,123,120,243,50.62,YES
gson,14,CRASH,com.google.gson.Gson,106,137,243,43.62,YES
gson,15,CRASH,com.google.gson.Gson,117,126,243,48.15,YES
gson,16,CRASH,com.google.gson.Gson,104,139,243,42.80,YES
gson,17,CRASH,com.google.gson.Gson,108,135,243,44.44,YES
gson,18,CRASH,com.google.gson.Gson,142,112,254,55.91,YES
jacksoncore,1,CRASH,com.fasterxml.jackson.core.JsonFactory,138,54,192,71.88,YES
jacksoncore,2,CRASH,com.fasterxml.jackson.core.JsonFactory,139,54,193,72.02,YES
jacksoncore,3,CRASH,com.fasterxml.jackson.core.JsonFactory,139,54,193,72.02,YES
jacksoncore,4,CRASH,com.fasterxml.jackson.core.JsonFactory,145,49,194,74.74,YES
jacksoncore,5,CRASH,com.fasterxml.jackson.core.JsonFactory,145,49,194,74.74,YES
jacksoncore,6,CRASH,com.fasterxml.jackson.core.JsonFactory,143,51,194,73.71,YES
jacksoncore,7,CRASH,com.fasterxml.jackson.core.JsonFactory,143,51,194,73.71,YES
jacksoncore,8,PASS,com.fasterxml.jackson.core.JsonFactory,144,52,196,73.47,YES
jacksoncore,9,PASS,com.fasterxml.jackson.core.JsonFactory,145,51,196,73.98,YES
jacksoncore,10,PASS,com.fasterxml.jackson.core.JsonFactory,151,50,201,75.12,YES
jacksoncore,11,PASS,com.fasterxml.jackson.core.JsonFactory,149,52,201,74.13,YES
jacksoncore,12,CRASH,com.fasterxml.jackson.core.JsonFactory,149,50,199,74.87,YES
jacksoncore,13,CRASH,com.fasterxml.jackson.core.JsonFactory,146,52,198,73.74,YES
jacksoncore,14,CRASH,com.fasterxml.jackson.core.JsonFactory,146,52,198,73.74,YES
jacksoncore,15,CRASH,com.fasterxml.jackson.core.JsonFactory,145,53,198,73.23,YES
jacksoncore,16,CRASH,com.fasterxml.jackson.core.JsonFactory,161,55,216,74.54,YES
jacksoncore,17,CRASH,com.fasterxml.jackson.core.JsonFactory,143,55,198,72.22,YES
jacksoncore,18,CRASH,com.fasterxml.jackson.core.JsonFactory,146,52,198,73.74,YES
jacksoncore,19,PASS,com.fasterxml.jackson.core.JsonFactory,146,52,198,73.74,YES
jacksoncore,20,PASS,com.fasterxml.jackson.core.JsonFactory,158,57,215,73.49,YES
jacksoncore,21,PASS,com.fasterxml.jackson.core.JsonFactory,165,57,222,74.32,YES
jacksoncore,22,CRASH,com.fasterxml.jackson.core.JsonFactory,167,55,222,75.23,YES
jacksoncore,23,CRASH,com.fasterxml.jackson.core.JsonFactory,178,53,231,77.06,YES
jacksoncore,24,CRASH,com.fasterxml.jackson.core.JsonFactory,186,52,238,78.15,YES
jacksoncore,25,CRASH,com.fasterxml.jackson.core.JsonFactory,161,57,218,73.85,YES
jacksoncore,26,CRASH,com.fasterxml.jackson.core.JsonFactory,186,52,238,78.15,YES
jacksondatabind,1,CRASH,com.fasterxml.jackson.databind.ObjectMapper,0,528,528,0.00,YES
jacksondatabind,2,CRASH,com.fasterxml.jackson.databind.ObjectMapper,0,555,555,0.00,YES
jacksondatabind,3,CRASH,com.fasterxml.jackson.databind.ObjectMapper,0,555,555,0.00,YES
jacksondatabind,4,CRASH,com.fasterxml.jackson.databind.ObjectMapper,0,555,555,0.00,YES
jacksondatabind,5,CRASH,com.fasterxml.jackson.databind.ObjectMapper,0,555,555,0.00,YES
jacksondatabind,6,CRASH,com.fasterxml.jackson.databind.ObjectMapper,0,555,555,0.00,YES
jacksondatabind,7,CRASH,com.fasterxml.jackson.databind.ObjectMapper,0,557,557,0.00,YES
jacksondatabind,8,CRASH,com.fasterxml.jackson.databind.ObjectMapper,0,585,585,0.00,YES
jacksondatabind,9,CRASH,com.fasterxml.jackson.databind.ObjectMapper,0,585,585,0.00,YES
jacksondatabind,10,CRASH,com.fasterxml.jackson.databind.ObjectMapper,0,586,586,0.00,YES
jacksondatabind,11,CRASH,com.fasterxml.jackson.databind.ObjectMapper,0,586,586,0.00,YES
jacksondatabind,12,CRASH,com.fasterxml.jackson.databind.ObjectMapper,0,556,556,0.00,YES
jacksondatabind,13,CRASH,com.fasterxml.jackson.databind.ObjectMapper,0,586,586,0.00,YES
jacksondatabind,14,CRASH,com.fasterxml.jackson.databind.ObjectMapper,0,586,586,0.00,YES
jacksondatabind,15,CRASH,com.fasterxml.jackson.databind.ObjectMapper,0,586,586,0.00,YES
jacksondatabind,16,CRASH,com.fasterxml.jackson.databind.ObjectMapper,0,586,586,0.00,YES
jacksondatabind,17,CRASH,com.fasterxml.jackson.databind.ObjectMapper,0,556,556,0.00,YES
jacksondatabind,18,CRASH,com.fasterxml.jackson.databind.ObjectMapper,0,600,600,0.00,YES
jacksondatabind,19,CRASH,com.fasterxml.jackson.databind.ObjectMapper,0,600,600,0.00,YES
jacksondatabind,20,CRASH,com.fasterxml.jackson.databind.ObjectMapper,0,586,586,0.00,YES
jacksondatabind,21,CRASH,com.fasterxml.jackson.databind.ObjectMapper,0,600,600,0.00,YES
jacksondatabind,22,CRASH,com.fasterxml.jackson.databind.ObjectMapper,0,598,598,0.00,YES
jacksondatabind,23,CRASH,com.fasterxml.jackson.databind.ObjectMapper,0,598,598,0.00,YES
jacksondatabind,24,CRASH,com.fasterxml.jackson.databind.ObjectMapper,0,598,598,0.00,YES
jacksondatabind,25,CRASH,com.fasterxml.jackson.databind.ObjectMapper,0,598,598,0.00,YES
jacksondatabind,26,CRASH,com.fasterxml.jackson.databind.ObjectMapper,0,598,598,0.00,YES
jacksondatabind,27,CRASH,com.fasterxml.jackson.databind.ObjectMapper,0,602,602,0.00,YES
jacksondatabind,28,CRASH,com.fasterxml.jackson.databind.ObjectMapper,0,602,602,0.00,YES
jacksondatabind,29,CRASH,com.fasterxml.jackson.databind.ObjectMapper,0,601,601,0.00,YES
jacksondatabind,30,CRASH,com.fasterxml.jackson.databind.ObjectMapper,0,601,601,0.00,YES
jacksondatabind,31,CRASH,com.fasterxml.jackson.databind.ObjectMapper,0,605,605,0.00,YES
jacksondatabind,33,CRASH,com.fasterxml.jackson.databind.ObjectMapper,0,605,605,0.00,YES
jacksondatabind,34,CRASH,com.fasterxml.jackson.databind.ObjectMapper,0,609,609,0.00,YES
jacksondatabind,35,CRASH,com.fasterxml.jackson.databind.ObjectMapper,0,586,586,0.00,YES
jacksondatabind,36,CRASH,com.fasterxml.jackson.databind.ObjectMapper,0,609,609,0.00,YES
jacksondatabind,37,CRASH,com.fasterxml.jackson.databind.ObjectMapper,0,609,609,0.00,YES
jacksondatabind,38,CRASH,com.fasterxml.jackson.databind.ObjectMapper,0,609,609,0.00,YES
jacksondatabind,39,CRASH,com.fasterxml.jackson.databind.ObjectMapper,0,605,605,0.00,YES
jacksondatabind,40,CRASH,com.fasterxml.jackson.databind.ObjectMapper,0,609,609,0.00,YES
jacksondatabind,41,CRASH,com.fasterxml.jackson.databind.ObjectMapper,0,609,609,0.00,YES
jacksondatabind,42,CRASH,com.fasterxml.jackson.databind.ObjectMapper,0,605,605,0.00,YES
jacksondatabind,43,CRASH,com.fasterxml.jackson.databind.ObjectMapper,0,609,609,0.00,YES
jacksondatabind,44,CRASH,com.fasterxml.jackson.databind.ObjectMapper,0,609,609,0.00,YES
jacksondatabind,45,CRASH,com.fasterxml.jackson.databind.ObjectMapper,0,609,609,0.00,YES
jacksondatabind,46,CRASH,com.fasterxml.jackson.databind.ObjectMapper,0,605,605,0.00,YES
jacksondatabind,47,CRASH,com.fasterxml.jackson.databind.ObjectMapper,0,614,614,0.00,YES
jacksondatabind,48,CRASH,com.fasterxml.jackson.databind.ObjectMapper,0,614,614,0.00,YES
jacksondatabind,49,CRASH,com.fasterxml.jackson.databind.ObjectMapper,0,605,605,0.00,YES
jacksondatabind,50,CRASH,com.fasterxml.jackson.databind.ObjectMapper,0,597,597,0.00,YES
jacksondatabind,51,CRASH,com.fasterxml.jackson.databind.ObjectMapper,0,597,597,0.00,YES
jacksondatabind,52,CRASH,com.fasterxml.jackson.databind.ObjectMapper,0,597,597,0.00,YES
jacksondatabind,53,CRASH,com.fasterxml.jackson.databind.ObjectMapper,0,614,614,0.00,YES
jacksondatabind,54,CRASH,com.fasterxml.jackson.databind.ObjectMapper,0,597,597,0.00,YES
jacksondatabind,55,CRASH,com.fasterxml.jackson.databind.ObjectMapper,0,614,614,0.00,YES
jacksondatabind,56,CRASH,com.fasterxml.jackson.databind.ObjectMapper,0,614,614,0.00,YES
jacksondatabind,57,CRASH,com.fasterxml.jackson.databind.ObjectMapper,0,614,614,0.00,YES
jacksondatabind,58,CRASH,com.fasterxml.jackson.databind.ObjectMapper,0,614,614,0.00,YES
jacksondatabind,59,CRASH,com.fasterxml.jackson.databind.ObjectMapper,0,597,597,0.00,YES
jacksondatabind,60,CRASH,com.fasterxml.jackson.databind.ObjectMapper,0,597,597,0.00,YES
jacksondatabind,61,CRASH,com.fasterxml.jackson.databind.ObjectMapper,0,597,597,0.00,YES
jacksondatabind,62,CRASH,com.fasterxml.jackson.databind.ObjectMapper,0,614,614,0.00,YES
jacksondatabind,63,CRASH,com.fasterxml.jackson.databind.ObjectMapper,0,597,597,0.00,YES
jacksondatabind,64,CRASH,com.fasterxml.jackson.databind.ObjectMapper,0,597,597,0.00,YES
jacksondatabind,65,NO_ARTIFACT,com.fasterxml.jackson.databind.ObjectMapper,,,,,NO
jacksondatabind,66,CRASH,com.fasterxml.jackson.databind.ObjectMapper,0,597,597,0.00,YES
jacksondatabind,67,CRASH,com.fasterxml.jackson.databind.ObjectMapper,0,597,597,0.00,YES
jacksondatabind,68,CRASH,com.fasterxml.jackson.databind.ObjectMapper,0,597,597,0.00,YES
jacksondatabind,69,CRASH,com.fasterxml.jackson.databind.ObjectMapper,0,614,614,0.00,YES
jacksondatabind,70,CRASH,com.fasterxml.jackson.databind.ObjectMapper,0,597,597,0.00,YES
jacksondatabind,72,CRASH,com.fasterxml.jackson.databind.ObjectMapper,0,614,614,0.00,YES
jacksondatabind,73,CRASH,com.fasterxml.jackson.databind.ObjectMapper,0,597,597,0.00,YES
jacksondatabind,74,CRASH,com.fasterxml.jackson.databind.ObjectMapper,0,597,597,0.00,YES
jacksondatabind,75,CRASH,com.fasterxml.jackson.databind.ObjectMapper,0,597,597,0.00,YES
jacksondatabind,76,CRASH,com.fasterxml.jackson.databind.ObjectMapper,0,597,597,0.00,YES
jacksondatabind,77,CRASH,com.fasterxml.jackson.databind.ObjectMapper,0,614,614,0.00,YES
jacksondatabind,78,CRASH,com.fasterxml.jackson.databind.ObjectMapper,0,601,601,0.00,YES
jacksondatabind,79,CRASH,com.fasterxml.jackson.databind.ObjectMapper,0,614,614,0.00,YES
jacksondatabind,80,CRASH,com.fasterxml.jackson.databind.ObjectMapper,0,635,635,0.00,YES
jacksondatabind,81,CRASH,com.fasterxml.jackson.databind.ObjectMapper,0,635,635,0.00,YES
jacksondatabind,82,CRASH,com.fasterxml.jackson.databind.ObjectMapper,0,601,601,0.00,YES
jacksondatabind,83,CRASH,com.fasterxml.jackson.databind.ObjectMapper,0,601,601,0.00,YES
jacksondatabind,84,CRASH,com.fasterxml.jackson.databind.ObjectMapper,0,601,601,0.00,YES
jacksondatabind,85,CRASH,com.fasterxml.jackson.databind.ObjectMapper,0,601,601,0.00,YES
jacksondatabind,86,CRASH,com.fasterxml.jackson.databind.ObjectMapper,0,601,601,0.00,YES
jacksondatabind,87,CRASH,com.fasterxml.jackson.databind.ObjectMapper,0,601,601,0.00,YES
jacksondatabind,88,CRASH,com.fasterxml.jackson.databind.ObjectMapper,0,601,601,0.00,YES
jacksondatabind,89,NO_ARTIFACT,com.fasterxml.jackson.databind.ObjectMapper,,,,,NO
jacksondatabind,90,CRASH,com.fasterxml.jackson.databind.ObjectMapper,0,601,601,0.00,YES
jacksondatabind,91,CRASH,com.fasterxml.jackson.databind.ObjectMapper,0,601,601,0.00,YES
jacksondatabind,92,CRASH,com.fasterxml.jackson.databind.ObjectMapper,0,614,614,0.00,YES
jacksondatabind,93,CRASH,com.fasterxml.jackson.databind.ObjectMapper,0,601,601,0.00,YES
jacksondatabind,94,CRASH,com.fasterxml.jackson.databind.ObjectMapper,0,614,614,0.00,YES
jacksondatabind,95,CRASH,com.fasterxml.jackson.databind.ObjectMapper,0,601,601,0.00,YES
jacksondatabind,96,CRASH,com.fasterxml.jackson.databind.ObjectMapper,0,648,648,0.00,YES
jacksondatabind,97,CRASH,com.fasterxml.jackson.databind.ObjectMapper,0,648,648,0.00,YES
jacksondatabind,98,CRASH,com.fasterxml.jackson.databind.ObjectMapper,0,648,648,0.00,YES
jacksondatabind,99,CRASH,com.fasterxml.jackson.databind.ObjectMapper,0,601,601,0.00,YES
jacksondatabind,100,CRASH,com.fasterxml.jackson.databind.ObjectMapper,0,648,648,0.00,YES
jacksondatabind,101,CRASH,com.fasterxml.jackson.databind.ObjectMapper,0,648,648,0.00,YES
jacksondatabind,102,CRASH,com.fasterxml.jackson.databind.ObjectMapper,0,648,648,0.00,YES
jacksondatabind,103,CRASH,com.fasterxml.jackson.databind.ObjectMapper,0,648,648,0.00,YES
jacksondatabind,104,CRASH,com.fasterxml.jackson.databind.ObjectMapper,0,648,648,0.00,YES
jacksondatabind,105,CRASH,com.fasterxml.jackson.databind.ObjectMapper,0,648,648,0.00,YES
jacksondatabind,106,CRASH,com.fasterxml.jackson.databind.ObjectMapper,0,652,652,0.00,YES
jacksondatabind,107,CRASH,com.fasterxml.jackson.databind.ObjectMapper,0,648,648,0.00,YES
jacksondatabind,108,CRASH,com.fasterxml.jackson.databind.ObjectMapper,0,657,657,0.00,YES
jacksondatabind,109,CRASH,com.fasterxml.jackson.databind.ObjectMapper,0,660,660,0.00,YES
jacksondatabind,110,CRASH,com.fasterxml.jackson.databind.ObjectMapper,0,648,648,0.00,YES
jacksondatabind,111,CRASH,com.fasterxml.jackson.databind.ObjectMapper,0,648,648,0.00,YES
jacksondatabind,112,CRASH,com.fasterxml.jackson.databind.ObjectMapper,0,648,648,0.00,YES
jacksonxml,1,CRASH,com.fasterxml.jackson.dataformat.xml.XmlMapper,0,50,50,0.00,YES
jacksonxml,2,CRASH,com.fasterxml.jackson.dataformat.xml.XmlMapper,0,50,50,0.00,YES
jacksonxml,3,CRASH,com.fasterxml.jackson.dataformat.xml.XmlMapper,0,50,50,0.00,YES
jacksonxml,4,CRASH,com.fasterxml.jackson.dataformat.xml.XmlMapper,0,50,50,0.00,YES
jacksonxml,5,CRASH,com.fasterxml.jackson.dataformat.xml.XmlMapper,0,54,54,0.00,YES
jacksonxml,6,CRASH,com.fasterxml.jackson.dataformat.xml.XmlMapper,0,54,54,0.00,YES
jsoup,1,CRASH,org.jsoup.nodes.Document,0,46,46,0.00,YES
jsoup,2,CRASH,org.jsoup.nodes.Document,0,46,46,0.00,YES
jsoup,3,CRASH,org.jsoup.nodes.Document,0,46,46,0.00,YES
jsoup,4,CRASH,org.jsoup.nodes.Document,8,49,57,14.04,YES
jsoup,5,CRASH,org.jsoup.nodes.Document,8,49,57,14.04,YES
jsoup,6,CRASH,org.jsoup.nodes.Document,8,49,57,14.04,YES
jsoup,7,CRASH,org.jsoup.nodes.Document,8,49,57,14.04,YES
jsoup,8,CRASH,org.jsoup.nodes.Document,8,65,73,10.96,YES
jsoup,9,CRASH,org.jsoup.nodes.Document,8,65,73,10.96,YES
jsoup,10,CRASH,org.jsoup.nodes.Document,8,68,76,10.53,YES
jsoup,11,CRASH,org.jsoup.nodes.Document,8,68,76,10.53,YES
jsoup,12,CRASH,org.jsoup.nodes.Document,8,68,76,10.53,YES
jsoup,13,CRASH,org.jsoup.nodes.Document,9,71,80,11.25,YES
jsoup,14,CRASH,org.jsoup.nodes.Document,9,71,80,11.25,YES
jsoup,15,CRASH,org.jsoup.nodes.Document,9,71,80,11.25,YES
jsoup,16,CRASH,org.jsoup.nodes.Document,9,71,80,11.25,YES
jsoup,17,CRASH,org.jsoup.nodes.Document,9,71,80,11.25,YES
jsoup,18,CRASH,org.jsoup.nodes.Document,9,71,80,11.25,YES
jsoup,19,CRASH,org.jsoup.nodes.Document,9,71,80,11.25,YES
jsoup,20,CRASH,org.jsoup.nodes.Document,9,71,80,11.25,YES
jsoup,21,CRASH,org.jsoup.nodes.Document,9,71,80,11.25,YES
jsoup,22,CRASH,org.jsoup.nodes.Document,9,71,80,11.25,YES
jsoup,23,CRASH,org.jsoup.nodes.Document,9,71,80,11.25,YES
jsoup,24,CRASH,org.jsoup.nodes.Document,9,71,80,11.25,YES
jsoup,25,CRASH,org.jsoup.nodes.Document,9,71,80,11.25,YES
jsoup,26,CRASH,org.jsoup.nodes.Document,9,74,83,10.84,YES
jsoup,27,CRASH,org.jsoup.nodes.Document,9,74,83,10.84,YES
jsoup,28,CRASH,org.jsoup.nodes.Document,9,74,83,10.84,YES
jsoup,29,CRASH,org.jsoup.nodes.Document,9,74,83,10.84,YES
jsoup,30,CRASH,org.jsoup.nodes.Document,9,74,83,10.84,YES
jsoup,31,CRASH,org.jsoup.nodes.Document,9,74,83,10.84,YES
jsoup,32,CRASH,org.jsoup.nodes.Document,9,74,83,10.84,YES
jsoup,33,CRASH,org.jsoup.nodes.Document,9,74,83,10.84,YES
jsoup,34,CRASH,org.jsoup.nodes.Document,9,74,83,10.84,YES
jsoup,35,CRASH,org.jsoup.nodes.Document,9,74,83,10.84,YES
jsoup,36,CRASH,org.jsoup.nodes.Document,9,75,84,10.71,YES
jsoup,37,CRASH,org.jsoup.nodes.Document,10,76,86,11.63,YES
jsoup,38,CRASH,org.jsoup.nodes.Document,10,76,86,11.63,YES
jsoup,39,CRASH,org.jsoup.nodes.Document,10,76,86,11.63,YES
jsoup,40,CRASH,org.jsoup.nodes.Document,10,76,86,11.63,YES
jsoup,41,CRASH,org.jsoup.nodes.Document,10,76,86,11.63,YES
jsoup,42,CRASH,org.jsoup.nodes.Document,10,76,86,11.63,YES
jsoup,43,CRASH,org.jsoup.nodes.Document,11,114,125,8.80,YES
jsoup,44,CRASH,org.jsoup.nodes.Document,11,114,125,8.80,YES
jsoup,45,CRASH,org.jsoup.nodes.Document,11,114,125,8.80,YES
jsoup,46,CRASH,org.jsoup.nodes.Document,11,114,125,8.80,YES
jsoup,47,CRASH,org.jsoup.nodes.Document,11,114,125,8.80,YES
jsoup,48,CRASH,org.jsoup.nodes.Document,11,114,125,8.80,YES
jsoup,49,CRASH,org.jsoup.nodes.Document,11,114,125,8.80,YES
jsoup,50,CRASH,org.jsoup.nodes.Document,11,114,125,8.80,YES
jsoup,51,CRASH,org.jsoup.nodes.Document,11,114,125,8.80,YES
jsoup,52,CRASH,org.jsoup.nodes.Document,11,114,125,8.80,YES
jsoup,53,CRASH,org.jsoup.nodes.Document,11,114,125,8.80,YES
jsoup,54,CRASH,org.jsoup.nodes.Document,11,114,125,8.80,YES
jsoup,55,CRASH,org.jsoup.nodes.Document,11,114,125,8.80,YES
jsoup,56,CRASH,org.jsoup.nodes.Document,11,114,125,8.80,YES
jsoup,57,CRASH,org.jsoup.nodes.Document,11,114,125,8.80,YES
jsoup,58,CRASH,org.jsoup.nodes.Document,11,114,125,8.80,YES
jsoup,59,CRASH,org.jsoup.nodes.Document,11,114,125,8.80,YES
jsoup,60,CRASH,org.jsoup.nodes.Document,11,114,125,8.80,YES
jsoup,61,CRASH,org.jsoup.nodes.Document,11,114,125,8.80,YES
jsoup,62,CRASH,org.jsoup.nodes.Document,11,114,125,8.80,YES
jsoup,63,CRASH,org.jsoup.nodes.Document,11,113,124,8.87,YES
jsoup,64,CRASH,org.jsoup.nodes.Document,11,113,124,8.87,YES
jsoup,65,CRASH,org.jsoup.nodes.Document,12,112,124,9.68,YES
jsoup,66,CRASH,org.jsoup.nodes.Document,12,112,124,9.68,YES
jsoup,67,CRASH,org.jsoup.nodes.Document,12,112,124,9.68,YES
jsoup,68,CRASH,org.jsoup.nodes.Document,12,112,124,9.68,YES
jsoup,69,CRASH,org.jsoup.nodes.Document,12,112,124,9.68,YES
jsoup,70,CRASH,org.jsoup.nodes.Document,12,112,124,9.68,YES
jsoup,71,CRASH,org.jsoup.nodes.Document,12,112,124,9.68,YES
jsoup,72,CRASH,org.jsoup.nodes.Document,12,112,124,9.68,YES
jsoup,73,CRASH,org.jsoup.nodes.Document,12,112,124,9.68,YES
jsoup,74,CRASH,org.jsoup.nodes.Document,12,112,124,9.68,YES
jsoup,75,CRASH,org.jsoup.nodes.Document,12,112,124,9.68,YES
jsoup,77,CRASH,org.jsoup.nodes.Document,12,112,124,9.68,YES
jsoup,78,CRASH,org.jsoup.nodes.Document,12,112,124,9.68,YES
jsoup,79,CRASH,org.jsoup.nodes.Document,12,112,124,9.68,YES
jsoup,80,CRASH,org.jsoup.nodes.Document,12,112,124,9.68,YES
jsoup,81,CRASH,org.jsoup.nodes.Document,12,116,128,9.38,YES
jsoup,82,CRASH,org.jsoup.nodes.Document,12,116,128,9.38,YES
jsoup,83,CRASH,org.jsoup.nodes.Document,12,116,128,9.38,YES
jsoup,84,CRASH,org.jsoup.nodes.Document,12,116,128,9.38,YES
jsoup,85,CRASH,org.jsoup.nodes.Document,12,116,128,9.38,YES
jsoup,86,CRASH,org.jsoup.nodes.Document,12,116,128,9.38,YES
jsoup,87,CRASH,org.jsoup.nodes.Document,12,116,128,9.38,YES
jsoup,88,CRASH,org.jsoup.nodes.Document,12,116,128,9.38,YES
jsoup,89,CRASH,org.jsoup.nodes.Document,12,116,128,9.38,YES
jsoup,90,CRASH,org.jsoup.nodes.Document,12,116,128,9.38,YES
jsoup,91,CRASH,org.jsoup.nodes.Document,12,116,128,9.38,YES
jsoup,92,CRASH,org.jsoup.nodes.Document,12,116,128,9.38,YES
jsoup,93,CRASH,org.jsoup.nodes.Document,12,116,128,9.38,YES
jxpath,1,CRASH,org.apache.commons.jxpath.JXPathContext,19,77,96,19.79,YES
jxpath,2,CRASH,org.apache.commons.jxpath.JXPathContext,34,62,96,35.42,YES
jxpath,3,CRASH,org.apache.commons.jxpath.JXPathContext,22,74,96,22.92,YES
jxpath,4,CRASH,org.apache.commons.jxpath.JXPathContext,49,43,92,53.26,YES
jxpath,5,CRASH,org.apache.commons.jxpath.JXPathContext,25,66,91,27.47,YES
jxpath,6,CRASH,org.apache.commons.jxpath.JXPathContext,29,67,96,30.21,YES
jxpath,7,CRASH,org.apache.commons.jxpath.JXPathContext,28,68,96,29.17,YES
jxpath,8,CRASH,org.apache.commons.jxpath.JXPathContext,23,73,96,23.96,YES
jxpath,9,CRASH,org.apache.commons.jxpath.JXPathContext,21,75,96,21.88,YES
jxpath,10,CRASH,org.apache.commons.jxpath.JXPathContext,32,64,96,33.33,YES
jxpath,11,CRASH,org.apache.commons.jxpath.JXPathContext,26,70,96,27.08,YES
jxpath,12,CRASH,org.apache.commons.jxpath.JXPathContext,26,70,96,27.08,YES
jxpath,13,CRASH,org.apache.commons.jxpath.JXPathContext,27,69,96,28.12,YES
jxpath,14,CRASH,org.apache.commons.jxpath.JXPathContext,20,76,96,20.83,YES
jxpath,15,CRASH,org.apache.commons.jxpath.JXPathContext,33,63,96,34.38,YES
jxpath,16,CRASH,org.apache.commons.jxpath.JXPathContext,37,59,96,38.54,YES
jxpath,17,CRASH,org.apache.commons.jxpath.JXPathContext,32,64,96,33.33,YES
jxpath,18,CRASH,org.apache.commons.jxpath.JXPathContext,20,76,96,20.83,YES
jxpath,19,CRASH,org.apache.commons.jxpath.JXPathContext,32,64,96,33.33,YES
jxpath,20,CRASH,org.apache.commons.jxpath.JXPathContext,35,63,98,35.71,YES
jxpath,21,CRASH,org.apache.commons.jxpath.JXPathContext,25,73,98,25.51,YES
jxpath,22,CRASH,org.apache.commons.jxpath.JXPathContext,33,65,98,33.67,YES
lang,1,CRASH,org.apache.commons.lang3.StringUtils,482,887,1369,35.21,YES
lang,2,NO_ARTIFACT,org.apache.commons.lang3.StringUtils,,,,,NO
lang,3,CRASH,org.apache.commons.lang3.StringUtils,283,1080,1363,20.76,YES
lang,4,CRASH,org.apache.commons.lang3.StringUtils,223,1140,1363,16.36,YES
lang,5,CRASH,org.apache.commons.lang3.StringUtils,157,1188,1345,11.67,YES
lang,6,CRASH,org.apache.commons.lang3.StringUtils,228,1117,1345,16.95,YES
lang,7,CRASH,org.apache.commons.lang3.StringUtils,381,964,1345,28.33,YES
lang,8,CRASH,org.apache.commons.lang3.StringUtils,307,938,1245,24.66,YES
lang,9,CRASH,org.apache.commons.lang3.StringUtils,227,1018,1245,18.23,YES
lang,10,CRASH,org.apache.commons.lang3.StringUtils,63,1182,1245,5.06,YES
lang,11,CRASH,org.apache.commons.lang3.StringUtils,22,1219,1241,1.77,YES
lang,12,CRASH,org.apache.commons.lang3.StringUtils,184,1057,1241,14.83,YES
lang,13,CRASH,org.apache.commons.lang3.StringUtils,129,1136,1265,10.20,YES
lang,14,CRASH,org.apache.commons.lang3.StringUtils,20,1243,1263,1.58,YES
lang,15,CRASH,org.apache.commons.lang3.StringUtils,173,1086,1259,13.74,YES
lang,16,CRASH,org.apache.commons.lang3.StringUtils,127,1168,1295,9.81,YES
lang,17,CRASH,org.apache.commons.lang3.StringUtils,439,855,1294,33.93,YES
lang,18,NO_ARTIFACT,org.apache.commons.lang3.StringUtils,,,,,NO
lang,19,CRASH,org.apache.commons.lang3.StringUtils,147,1151,1298,11.33,YES
lang,20,CRASH,org.apache.commons.lang3.StringUtils,199,1099,1298,15.33,YES
lang,21,CRASH,org.apache.commons.lang3.StringUtils,422,844,1266,33.33,YES
lang,22,CRASH,org.apache.commons.lang3.StringUtils,434,824,1258,34.50,YES
lang,23,CRASH,org.apache.commons.lang3.StringUtils,268,966,1234,21.72,YES
lang,24,CRASH,org.apache.commons.lang3.StringUtils,525,709,1234,42.54,YES
lang,25,NO_ARTIFACT,org.apache.commons.lang3.StringUtils,,,,,NO
lang,26,CRASH,org.apache.commons.lang3.StringUtils,190,1036,1226,15.50,YES
lang,27,CRASH,org.apache.commons.lang3.StringUtils,592,630,1222,48.45,YES
lang,28,CRASH,org.apache.commons.lang3.StringUtils,231,991,1222,18.90,YES
lang,29,CRASH,org.apache.commons.lang3.StringUtils,357,858,1215,29.38,YES
lang,30,CRASH,org.apache.commons.lang3.StringUtils,307,882,1189,25.82,YES
lang,31,CRASH,org.apache.commons.lang3.StringUtils,171,1007,1178,14.52,YES
lang,32,CRASH,org.apache.commons.lang3.StringUtils,461,712,1173,39.30,YES
lang,33,CRASH,org.apache.commons.lang3.StringUtils,309,864,1173,26.34,YES
lang,34,CRASH,org.apache.commons.lang3.StringUtils,135,1038,1173,11.51,YES
lang,35,CRASH,org.apache.commons.lang3.StringUtils,58,1103,1161,5.00,YES
lang,36,CRASH,org.apache.commons.lang3.StringUtils,148,1013,1161,12.75,YES
lang,37,CRASH,org.apache.commons.lang3.StringUtils,149,1012,1161,12.83,YES
lang,38,CRASH,org.apache.commons.lang3.StringUtils,107,1054,1161,9.22,YES
lang,39,CRASH,org.apache.commons.lang3.StringUtils,182,944,1126,16.16,YES
lang,40,CRASH,org.apache.commons.lang3.StringUtils,,,,,NO
lang,41,CRASH,org.apache.commons.lang3.StringUtils,,,,,NO
lang,42,CRASH,org.apache.commons.lang3.StringUtils,,,,,NO
lang,43,CRASH,org.apache.commons.lang3.StringUtils,,,,,NO
lang,44,CRASH,org.apache.commons.lang3.StringUtils,,,,,NO
lang,45,CRASH,org.apache.commons.lang3.StringUtils,,,,,NO
lang,46,CRASH,org.apache.commons.lang3.StringUtils,,,,,NO
lang,47,CRASH,org.apache.commons.lang3.StringUtils,,,,,NO
lang,48,NO_ARTIFACT,org.apache.commons.lang3.StringUtils,,,,,NO
lang,49,CRASH,org.apache.commons.lang3.StringUtils,,,,,NO
lang,50,CRASH,org.apache.commons.lang3.StringUtils,,,,,NO
lang,51,CRASH,org.apache.commons.lang3.StringUtils,,,,,NO
lang,52,CRASH,org.apache.commons.lang3.StringUtils,,,,,NO
lang,53,CRASH,org.apache.commons.lang3.StringUtils,,,,,NO
lang,54,CRASH,org.apache.commons.lang3.StringUtils,,,,,NO
lang,55,CRASH,org.apache.commons.lang3.StringUtils,,,,,NO
lang,56,CRASH,org.apache.commons.lang3.StringUtils,,,,,NO
lang,57,CRASH,org.apache.commons.lang3.StringUtils,,,,,NO
lang,58,CRASH,org.apache.commons.lang3.StringUtils,,,,,NO
lang,59,CRASH,org.apache.commons.lang3.StringUtils,,,,,NO
lang,60,CRASH,org.apache.commons.lang3.StringUtils,,,,,NO
lang,61,CRASH,org.apache.commons.lang3.StringUtils,,,,,NO
lang,62,CRASH,org.apache.commons.lang3.StringUtils,,,,,NO
lang,63,CRASH,org.apache.commons.lang3.StringUtils,,,,,NO
lang,64,CRASH,org.apache.commons.lang3.StringUtils,,,,,NO
lang,65,CRASH,org.apache.commons.lang3.StringUtils,,,,,NO
lang_f,1,NO_ARTIFACT,org.apache.commons.lang3.StringUtils,,,,,NO
lang_f,2,NO_ARTIFACT,org.apache.commons.lang3.StringUtils,,,,,NO
lang_f,3,NO_ARTIFACT,org.apache.commons.lang3.StringUtils,,,,,NO
lang_f,4,NO_ARTIFACT,org.apache.commons.lang3.StringUtils,,,,,NO
lang_f,5,NO_ARTIFACT,org.apache.commons.lang3.StringUtils,,,,,NO
lang_f,6,NO_ARTIFACT,org.apache.commons.lang3.StringUtils,,,,,NO
lang_f,7,NO_ARTIFACT,org.apache.commons.lang3.StringUtils,,,,,NO
lang_f,8,NO_ARTIFACT,org.apache.commons.lang3.StringUtils,,,,,NO
lang_f,9,NO_ARTIFACT,org.apache.commons.lang3.StringUtils,,,,,NO
lang_f,10,NO_ARTIFACT,org.apache.commons.lang3.StringUtils,,,,,NO
lang_f,11,NO_ARTIFACT,org.apache.commons.lang3.StringUtils,,,,,NO
lang_f,12,NO_ARTIFACT,org.apache.commons.lang3.StringUtils,,,,,NO
lang_f,13,NO_ARTIFACT,org.apache.commons.lang3.StringUtils,,,,,NO
lang_f,14,NO_ARTIFACT,org.apache.commons.lang3.StringUtils,,,,,NO
lang_f,15,NO_ARTIFACT,org.apache.commons.lang3.StringUtils,,,,,NO
lang_f,16,NO_ARTIFACT,org.apache.commons.lang3.StringUtils,,,,,NO
lang_f,17,NO_ARTIFACT,org.apache.commons.lang3.StringUtils,,,,,NO
lang_f,18,NO_ARTIFACT,org.apache.commons.lang3.StringUtils,,,,,NO
lang_f,19,NO_ARTIFACT,org.apache.commons.lang3.StringUtils,,,,,NO
lang_f,20,NO_ARTIFACT,org.apache.commons.lang3.StringUtils,,,,,NO
lang_f,21,NO_ARTIFACT,org.apache.commons.lang3.StringUtils,,,,,NO
lang_f,22,NO_ARTIFACT,org.apache.commons.lang3.StringUtils,,,,,NO
lang_f,23,NO_ARTIFACT,org.apache.commons.lang3.StringUtils,,,,,NO
lang_f,24,NO_ARTIFACT,org.apache.commons.lang3.StringUtils,,,,,NO
lang_f,25,NO_ARTIFACT,org.apache.commons.lang3.StringUtils,,,,,NO
lang_f,26,NO_ARTIFACT,org.apache.commons.lang3.StringUtils,,,,,NO
lang_f,27,NO_ARTIFACT,org.apache.commons.lang3.StringUtils,,,,,NO
lang_f,28,NO_ARTIFACT,org.apache.commons.lang3.StringUtils,,,,,NO
lang_f,29,NO_ARTIFACT,org.apache.commons.lang3.StringUtils,,,,,NO
lang_f,30,NO_ARTIFACT,org.apache.commons.lang3.StringUtils,,,,,NO
lang_f,31,NO_ARTIFACT,org.apache.commons.lang3.StringUtils,,,,,NO
lang_f,32,NO_ARTIFACT,org.apache.commons.lang3.StringUtils,,,,,NO
lang_f,33,NO_ARTIFACT,org.apache.commons.lang3.StringUtils,,,,,NO
lang_f,34,NO_ARTIFACT,org.apache.commons.lang3.StringUtils,,,,,NO
lang_f,35,NO_ARTIFACT,org.apache.commons.lang3.StringUtils,,,,,NO
lang_f,36,NO_ARTIFACT,org.apache.commons.lang3.StringUtils,,,,,NO
lang_f,37,NO_ARTIFACT,org.apache.commons.lang3.StringUtils,,,,,NO
lang_f,38,NO_ARTIFACT,org.apache.commons.lang3.StringUtils,,,,,NO
lang_f,39,NO_ARTIFACT,org.apache.commons.lang3.StringUtils,,,,,NO
lang_f,40,NO_ARTIFACT,org.apache.commons.lang3.StringUtils,,,,,NO
lang_f,41,NO_ARTIFACT,org.apache.commons.lang3.StringUtils,,,,,NO
lang_f,42,NO_ARTIFACT,org.apache.commons.lang3.StringUtils,,,,,NO
lang_f,43,NO_ARTIFACT,org.apache.commons.lang3.StringUtils,,,,,NO
lang_f,44,NO_ARTIFACT,org.apache.commons.lang3.StringUtils,,,,,NO
lang_f,45,NO_ARTIFACT,org.apache.commons.lang3.StringUtils,,,,,NO
lang_f,46,NO_ARTIFACT,org.apache.commons.lang3.StringUtils,,,,,NO
lang_f,47,NO_ARTIFACT,org.apache.commons.lang3.StringUtils,,,,,NO
lang_f,48,NO_ARTIFACT,org.apache.commons.lang3.StringUtils,,,,,NO
lang_f,49,NO_ARTIFACT,org.apache.commons.lang3.StringUtils,,,,,NO
lang_f,50,NO_ARTIFACT,org.apache.commons.lang3.StringUtils,,,,,NO
lang_f,51,NO_ARTIFACT,org.apache.commons.lang3.StringUtils,,,,,NO
lang_f,52,NO_ARTIFACT,org.apache.commons.lang3.StringUtils,,,,,NO
lang_f,53,NO_ARTIFACT,org.apache.commons.lang3.StringUtils,,,,,NO
lang_f,54,NO_ARTIFACT,org.apache.commons.lang3.StringUtils,,,,,NO
lang_f,55,NO_ARTIFACT,org.apache.commons.lang3.StringUtils,,,,,NO
lang_f,56,NO_ARTIFACT,org.apache.commons.lang3.StringUtils,,,,,NO
lang_f,57,NO_ARTIFACT,org.apache.commons.lang3.StringUtils,,,,,NO
lang_f,58,NO_ARTIFACT,org.apache.commons.lang3.StringUtils,,,,,NO
lang_f,59,NO_ARTIFACT,org.apache.commons.lang3.StringUtils,,,,,NO
lang_f,60,NO_ARTIFACT,org.apache.commons.lang3.StringUtils,,,,,NO
lang_f,61,NO_ARTIFACT,org.apache.commons.lang3.StringUtils,,,,,NO
lang_f,62,NO_ARTIFACT,org.apache.commons.lang3.StringUtils,,,,,NO
lang_f,63,NO_ARTIFACT,org.apache.commons.lang3.StringUtils,,,,,NO
lang_f,64,NO_ARTIFACT,org.apache.commons.lang3.StringUtils,,,,,NO
lang_f,65,NO_ARTIFACT,org.apache.commons.lang3.StringUtils,,,,,NO
math,1,CRASH,org.apache.commons.math3.util.Precision,79,27,106,74.53,YES
math,2,CRASH,org.apache.commons.math3.util.Precision,78,28,106,73.58,YES
math,3,CRASH,org.apache.commons.math3.util.Precision,79,27,106,74.53,YES
math,4,CRASH,org.apache.commons.math3.util.Precision,79,27,106,74.53,YES
math,5,CRASH,org.apache.commons.math3.util.Precision,78,28,106,73.58,YES
math,6,CRASH,org.apache.commons.math3.util.Precision,80,26,106,75.47,YES
math,7,CRASH,org.apache.commons.math3.util.Precision,80,26,106,75.47,YES
math,8,CRASH,org.apache.commons.math3.util.Precision,78,28,106,73.58,YES
math,9,CRASH,org.apache.commons.math3.util.Precision,78,28,106,73.58,YES
math,10,CRASH,org.apache.commons.math3.util.Precision,83,23,106,78.30,YES
math,11,CRASH,org.apache.commons.math3.util.Precision,78,28,106,73.58,YES
math,12,CRASH,org.apache.commons.math3.util.Precision,79,27,106,74.53,YES
math,13,CRASH,org.apache.commons.math3.util.Precision,77,29,106,72.64,YES
math,14,CRASH,org.apache.commons.math3.util.Precision,79,27,106,74.53,YES
math,15,CRASH,org.apache.commons.math3.util.Precision,78,28,106,73.58,YES
math,16,CRASH,org.apache.commons.math3.util.Precision,83,23,106,78.30,YES
math,17,CRASH,org.apache.commons.math3.util.Precision,79,27,106,74.53,YES
math,18,CRASH,org.apache.commons.math3.util.Precision,80,26,106,75.47,YES
math,19,CRASH,org.apache.commons.math3.util.Precision,79,27,106,74.53,YES
math,20,CRASH,org.apache.commons.math3.util.Precision,79,27,106,74.53,YES
math,21,CRASH,org.apache.commons.math3.util.Precision,74,27,101,73.27,YES
math,22,CRASH,org.apache.commons.math3.util.Precision,73,32,105,69.52,YES
math,23,CRASH,org.apache.commons.math3.util.Precision,74,31,105,70.48,YES
math,24,CRASH,org.apache.commons.math3.util.Precision,71,30,101,70.30,YES
math,25,CRASH,org.apache.commons.math3.util.Precision,71,30,101,70.30,YES
math,26,CRASH,org.apache.commons.math3.util.Precision,71,30,101,70.30,YES
math,27,CRASH,org.apache.commons.math3.util.Precision,71,30,101,70.30,YES
math,28,CRASH,org.apache.commons.math3.util.Precision,70,31,101,69.31,YES
math,29,CRASH,org.apache.commons.math3.util.Precision,61,40,101,60.40,YES
math,30,CRASH,org.apache.commons.math3.util.Precision,72,29,101,71.29,YES
math,31,CRASH,org.apache.commons.math3.util.Precision,72,29,101,71.29,YES
math,32,CRASH,org.apache.commons.math3.util.Precision,71,30,101,70.30,YES
math,33,CRASH,org.apache.commons.math3.util.Precision,71,30,101,70.30,YES
math,34,CRASH,org.apache.commons.math3.util.Precision,68,30,98,69.39,YES
math,35,CRASH,org.apache.commons.math3.util.Precision,70,28,98,71.43,YES
math,36,CRASH,org.apache.commons.math3.util.Precision,,,,,NO
math,37,CRASH,org.apache.commons.math3.util.Precision,,,,,NO
math,38,CRASH,org.apache.commons.math3.util.Precision,,,,,NO
math,39,CRASH,org.apache.commons.math3.util.Precision,,,,,NO
math,40,CRASH,org.apache.commons.math3.util.Precision,,,,,NO
math,41,CRASH,org.apache.commons.math3.util.Precision,,,,,NO
math,42,CRASH,org.apache.commons.math3.util.Precision,,,,,NO
math,43,CRASH,org.apache.commons.math3.util.Precision,,,,,NO
math,44,CRASH,org.apache.commons.math3.util.Precision,,,,,NO
math,45,LOAD_FAIL,org.apache.commons.math3.util.Precision,,,,,NO
math,46,LOAD_FAIL,org.apache.commons.math3.util.Precision,,,,,NO
math,47,LOAD_FAIL,org.apache.commons.math3.util.Precision,,,,,NO
math,48,LOAD_FAIL,org.apache.commons.math3.util.Precision,,,,,NO
math,49,LOAD_FAIL,org.apache.commons.math3.util.Precision,,,,,NO
math,50,LOAD_FAIL,org.apache.commons.math3.util.Precision,,,,,NO
math,51,LOAD_FAIL,org.apache.commons.math3.util.Precision,,,,,NO
math,52,LOAD_FAIL,org.apache.commons.math3.util.Precision,,,,,NO
math,53,LOAD_FAIL,org.apache.commons.math3.util.Precision,,,,,NO
math,54,LOAD_FAIL,org.apache.commons.math3.util.Precision,,,,,NO
math,55,LOAD_FAIL,org.apache.commons.math3.util.Precision,,,,,NO
math,56,LOAD_FAIL,org.apache.commons.math3.util.Precision,,,,,NO
math,57,LOAD_FAIL,org.apache.commons.math3.util.Precision,,,,,NO
math,58,LOAD_FAIL,org.apache.commons.math3.util.Precision,,,,,NO
math,59,LOAD_FAIL,org.apache.commons.math3.util.Precision,,,,,NO
math,60,LOAD_FAIL,org.apache.commons.math3.util.Precision,,,,,NO
math,61,LOAD_FAIL,org.apache.commons.math3.util.Precision,,,,,NO
math,62,LOAD_FAIL,org.apache.commons.math3.util.Precision,,,,,NO
math,63,LOAD_FAIL,org.apache.commons.math3.util.Precision,,,,,NO
math,64,LOAD_FAIL,org.apache.commons.math3.util.Precision,,,,,NO
math,65,LOAD_FAIL,org.apache.commons.math3.util.Precision,,,,,NO
math,66,LOAD_FAIL,org.apache.commons.math3.util.Precision,,,,,NO
math,67,LOAD_FAIL,org.apache.commons.math3.util.Precision,,,,,NO
math,68,LOAD_FAIL,org.apache.commons.math3.util.Precision,,,,,NO
math,69,LOAD_FAIL,org.apache.commons.math3.util.Precision,,,,,NO
math,70,LOAD_FAIL,org.apache.commons.math3.util.Precision,,,,,NO
math,71,LOAD_FAIL,org.apache.commons.math3.util.Precision,,,,,NO
math,72,LOAD_FAIL,org.apache.commons.math3.util.Precision,,,,,NO
math,73,LOAD_FAIL,org.apache.commons.math3.util.Precision,,,,,NO
math,74,LOAD_FAIL,org.apache.commons.math3.util.Precision,,,,,NO
math,75,LOAD_FAIL,org.apache.commons.math3.util.Precision,,,,,NO
math,76,LOAD_FAIL,org.apache.commons.math3.util.Precision,,,,,NO
math,77,LOAD_FAIL,org.apache.commons.math3.util.Precision,,,,,NO
math,78,LOAD_FAIL,org.apache.commons.math3.util.Precision,,,,,NO
math,79,LOAD_FAIL,org.apache.commons.math3.util.Precision,,,,,NO
math,80,LOAD_FAIL,org.apache.commons.math3.util.Precision,,,,,NO
math,81,LOAD_FAIL,org.apache.commons.math3.util.Precision,,,,,NO
math,82,LOAD_FAIL,org.apache.commons.math3.util.Precision,,,,,NO
math,83,LOAD_FAIL,org.apache.commons.math3.util.Precision,,,,,NO
math,84,LOAD_FAIL,org.apache.commons.math3.util.Precision,,,,,NO
math,85,LOAD_FAIL,org.apache.commons.math3.util.Precision,,,,,NO
math,86,LOAD_FAIL,org.apache.commons.math3.util.Precision,,,,,NO
math,87,LOAD_FAIL,org.apache.commons.math3.util.Precision,,,,,NO
math,88,LOAD_FAIL,org.apache.commons.math3.util.Precision,,,,,NO
math,89,LOAD_FAIL,org.apache.commons.math3.util.Precision,,,,,NO
math,90,LOAD_FAIL,org.apache.commons.math3.util.Precision,,,,,NO
math,91,LOAD_FAIL,org.apache.commons.math3.util.Precision,,,,,NO
math,92,LOAD_FAIL,org.apache.commons.math3.util.Precision,,,,,NO
math,93,LOAD_FAIL,org.apache.commons.math3.util.Precision,,,,,NO
math,94,LOAD_FAIL,org.apache.commons.math3.util.Precision,,,,,NO
math,95,LOAD_FAIL,org.apache.commons.math3.util.Precision,,,,,NO
math,96,LOAD_FAIL,org.apache.commons.math3.util.Precision,,,,,NO
math,97,LOAD_FAIL,org.apache.commons.math3.util.Precision,,,,,NO
math,98,LOAD_FAIL,org.apache.commons.math3.util.Precision,,,,,NO
math,99,LOAD_FAIL,org.apache.commons.math3.util.Precision,,,,,NO
math,100,LOAD_FAIL,org.apache.commons.math3.util.Precision,,,,,NO
math,101,LOAD_FAIL,org.apache.commons.math3.util.Precision,,,,,NO
math,102,LOAD_FAIL,org.apache.commons.math3.util.Precision,,,,,NO
math,103,LOAD_FAIL,org.apache.commons.math3.util.Precision,,,,,NO
math,104,LOAD_FAIL,org.apache.commons.math3.util.Precision,,,,,NO
math,105,LOAD_FAIL,org.apache.commons.math3.util.Precision,,,,,NO
math,106,LOAD_FAIL,org.apache.commons.math3.util.Precision,,,,,NO
mockito,1,CRASH,org.mockito.internal.invocation.InvocationMatcher,8,53,61,13.11,YES
mockito,2,CRASH,org.mockito.internal.invocation.InvocationMatcher,6,57,63,9.52,YES
mockito,3,CRASH,org.mockito.internal.invocation.InvocationMatcher,7,54,61,11.48,YES
mockito,4,CRASH,org.mockito.internal.invocation.InvocationMatcher,6,57,63,9.52,YES
mockito,5,CRASH,org.mockito.internal.invocation.InvocationMatcher,13,50,63,20.63,YES
mockito,6,CRASH,org.mockito.internal.invocation.InvocationMatcher,8,55,63,12.70,YES
mockito,7,CRASH,org.mockito.internal.invocation.InvocationMatcher,6,57,63,9.52,YES
mockito,8,CRASH,org.mockito.internal.invocation.InvocationMatcher,5,58,63,7.94,YES
mockito,9,CRASH,org.mockito.internal.invocation.InvocationMatcher,8,55,63,12.70,YES
mockito,10,CRASH,org.mockito.internal.invocation.InvocationMatcher,5,58,63,7.94,YES
mockito,11,CRASH,org.mockito.internal.invocation.InvocationMatcher,7,56,63,11.11,YES
mockito,12,CRASH,org.mockito.internal.invocation.InvocationMatcher,20,23,43,46.51,YES
mockito,13,CRASH,org.mockito.internal.invocation.InvocationMatcher,16,27,43,37.21,YES
mockito,14,CRASH,org.mockito.internal.invocation.InvocationMatcher,14,29,43,32.56,YES
mockito,15,CRASH,org.mockito.internal.invocation.InvocationMatcher,7,46,53,13.21,YES
mockito,16,CRASH,org.mockito.internal.invocation.InvocationMatcher,10,28,38,26.32,YES
mockito,17,CRASH,org.mockito.internal.invocation.InvocationMatcher,8,30,38,21.05,YES
mockito,18,CRASH,org.mockito.internal.invocation.InvocationMatcher,6,57,63,9.52,YES
mockito,19,CRASH,org.mockito.internal.invocation.InvocationMatcher,6,57,63,9.52,YES
mockito,20,CRASH,org.mockito.internal.invocation.InvocationMatcher,6,57,63,9.52,YES
mockito,21,CRASH,org.mockito.internal.invocation.InvocationMatcher,10,53,63,15.87,YES
mockito,22,CRASH,org.mockito.internal.invocation.InvocationMatcher,8,55,63,12.70,YES
mockito,23,CRASH,org.mockito.internal.invocation.InvocationMatcher,7,56,63,11.11,YES
mockito,24,CRASH,org.mockito.internal.invocation.InvocationMatcher,5,58,63,7.94,YES
mockito,25,CRASH,org.mockito.internal.invocation.InvocationMatcher,9,51,60,15.00,YES
mockito,26,CRASH,org.mockito.internal.invocation.InvocationMatcher,6,46,52,11.54,YES
mockito,27,CRASH,org.mockito.internal.invocation.InvocationMatcher,7,46,53,13.21,YES
mockito,28,CRASH,org.mockito.internal.invocation.InvocationMatcher,7,46,53,13.21,YES
mockito,29,CRASH,org.mockito.internal.invocation.InvocationMatcher,7,46,53,13.21,YES
mockito,30,CRASH,org.mockito.internal.invocation.InvocationMatcher,12,41,53,22.64,YES
mockito,31,CRASH,org.mockito.internal.invocation.InvocationMatcher,7,46,53,13.21,YES
mockito,32,CRASH,org.mockito.internal.invocation.InvocationMatcher,8,45,53,15.09,YES
mockito,33,CRASH,org.mockito.internal.invocation.InvocationMatcher,7,38,45,15.56,YES
mockito,34,CRASH,org.mockito.internal.invocation.InvocationMatcher,13,25,38,34.21,YES
mockito,35,CRASH,org.mockito.internal.invocation.InvocationMatcher,6,30,36,16.67,YES
mockito,36,CRASH,org.mockito.internal.invocation.InvocationMatcher,11,25,36,30.56,YES
mockito,37,CRASH,org.mockito.internal.invocation.InvocationMatcher,19,17,36,52.78,YES
mockito,38,NO_METHODS,org.mockito.internal.invocation.InvocationMatcher,0,37,37,0.00,YES
time,1,CRASH,org.joda.time.DateTime,17,208,225,7.56,YES
time,2,CRASH,org.joda.time.DateTime,23,202,225,10.22,YES
time,3,CRASH,org.joda.time.DateTime,19,206,225,8.44,YES
time,4,CRASH,org.joda.time.DateTime,19,206,225,8.44,YES
time,5,CRASH,org.joda.time.DateTime,11,214,225,4.89,YES
time,6,CRASH,org.joda.time.DateTime,36,189,225,16.00,YES
time,7,CRASH,org.joda.time.DateTime,37,188,225,16.44,YES
time,8,CRASH,org.joda.time.DateTime,4,221,225,1.78,YES
time,9,CRASH,org.joda.time.DateTime,17,208,225,7.56,YES
time,10,CRASH,org.joda.time.DateTime,11,214,225,4.89,YES
time,11,CRASH,org.joda.time.DateTime,19,206,225,8.44,YES
time,12,CRASH,org.joda.time.DateTime,28,197,225,12.44,YES
time,13,CRASH,org.joda.time.DateTime,6,219,225,2.67,YES
time,14,CRASH,org.joda.time.DateTime,17,208,225,7.56,YES
time,15,CRASH,org.joda.time.DateTime,7,218,225,3.11,YES
time,16,CRASH,org.joda.time.DateTime,25,200,225,11.11,YES
time,17,CRASH,org.joda.time.DateTime,7,218,225,3.11,YES
time,18,CRASH,org.joda.time.DateTime,15,210,225,6.67,YES
time,19,CRASH,org.joda.time.DateTime,54,171,225,24.00,YES
time,20,CRASH,org.joda.time.DateTime,7,218,225,3.11,YES
time,21,NO_ARTIFACT,org.joda.time.DateTime,,,,,NO
time,22,CRASH,org.joda.time.DateTime,31,186,217,14.29,YES
time,23,CRASH,org.joda.time.DateTime,9,208,217,4.15,YES
time,24,CRASH,org.joda.time.DateTime,13,200,213,6.10,YES
time,25,CRASH,org.joda.time.DateTime,4,209,213,1.88,YES
time,26,CRASH,org.joda.time.DateTime,23,190,213,10.80,YES
time,27,CRASH,org.joda.time.DateTime,6,205,211,2.84,YES
