project,runs,pass_runs,reports_found,avg_line_coverage_pass_pct,avg_line_coverage_with_report_pct,weighted_line_coverage_pass_pct,weighted_line_coverage_with_report_pct
cli,39,32,32,62.30,62.30,61.45,61.45
closure,133,0,131,,0.00,,0.00
codec,18,1,18,84.11,66.80,84.11,66.86
collections,28,0,8,,35.89,,35.12
compress,47,28,47,68.79,58.39,67.23,54.78
csv,16,0,16,,50.05,,46.41
gson,18,0,18,,52.40,,51.93
jacksoncore,26,7,26,74.04,74.22,74.04,74.30
jacksondatabind,110,0,108,,0.00,,0.00
jacksonxml,6,0,6,,0.00,,0.00
jsoup,92,0,92,,9.84,,9.77
jxpath,22,0,22,,29.81,,29.78
lang,65,0,36,,19.65,,19.70
lang_f,65,0,0,,,,
math,106,0,35,,72.62,,72.67
mockito,38,0,38,,17.00,,15.69
time,27,0,26,,8.02,,8.04
