project,bug,status,target_instr_covered,target_instr_total,target_instr_coverage_text,seconds
cli,1,PASS,132,204,64.71% (132/204 instructions),63
cli,2,PASS,129,179,72.07% (129/179 instructions),65
cli,3,PASS,129,179,72.07% (129/179 instructions),61
cli,4,PASS,129,179,72.07% (129/179 instructions),62
cli,5,PASS,129,179,72.07% (129/179 instructions),62
cli,6,NO_ARTIFACT,0,0,N/A (0/0),0
cli,7,LOAD_FAIL,0,0,N/A (0/0),55
cli,8,PASS,129,179,72.07% (129/179 instructions),61
cli,9,PASS,129,179,72.07% (129/179 instructions),60
cli,10,PASS,129,179,72.07% (129/179 instructions),63
cli,11,PASS,129,179,72.07% (129/179 instructions),62
cli,12,PASS,129,179,72.07% (129/179 instructions),63
cli,13,LOAD_FAIL,0,0,N/A (0/0),59
cli,14,LOAD_FAIL,0,0,N/A (0/0),50
cli,15,LOAD_FAIL,0,0,N/A (0/0),51
cli,16,LOAD_FAIL,0,0,N/A (0/0),53
cli,17,PASS,148,264,56.06% (148/264 instructions),58
cli,18,PASS,148,264,56.06% (148/264 instructions),59
cli,19,PASS,148,264,56.06% (148/264 instructions),61
cli,20,PASS,148,264,56.06% (148/264 instructions),60
cli,21,LOAD_FAIL,0,0,N/A (0/0),56
cli,22,PASS,148,264,56.06% (148/264 instructions),61
cli,23,PASS,152,286,53.15% (152/286 instructions),60
cli,24,PASS,152,286,53.15% (152/286 instructions),48
cli,25,PASS,152,286,53.15% (152/286 instructions),49
cli,26,PASS,152,286,53.15% (152/286 instructions),51
cli,27,PASS,152,286,53.15% (152/286 instructions),54
cli,28,PASS,152,286,53.15% (152/286 instructions),55
cli,29,PASS,152,286,53.15% (152/286 instructions),55
cli,30,PASS,152,286,53.15% (152/286 instructions),58
cli,31,PASS,152,286,53.15% (152/286 instructions),57
cli,32,PASS,152,286,53.15% (152/286 instructions),58
cli,33,PASS,152,286,53.15% (152/286 instructions),58
cli,34,PASS,152,282,53.90% (152/282 instructions),49
cli,35,PASS,152,282,53.90% (152/282 instructions),47
cli,36,PASS,152,282,53.90% (152/282 instructions),47
cli,37,PASS,152,282,53.90% (152/282 instructions),49
cli,38,PASS,152,282,53.90% (152/282 instructions),51
cli,39,PASS,203,362,56.08% (203/362 instructions),50
closure,1,CRASH,0,3526,0.00% (0/3526 instructions),50
closure,2,CRASH,0,3521,0.00% (0/3521 instructions),55
closure,3,CRASH,0,3525,0.00% (0/3525 instructions),55
closure,4,CRASH,0,3525,0.00% (0/3525 instructions),55
closure,5,CRASH,0,3522,0.00% (0/3522 instructions),55
closure,6,CRASH,0,3522,0.00% (0/3522 instructions),66
closure,7,CRASH,0,3562,0.00% (0/3562 instructions),67
closure,8,CRASH,0,3533,0.00% (0/3533 instructions),68
closure,9,CRASH,0,3533,0.00% (0/3533 instructions),68
closure,10,CRASH,0,3533,0.00% (0/3533 instructions),67
closure,11,CRASH,0,3532,0.00% (0/3532 instructions),61
closure,12,CRASH,0,3535,0.00% (0/3535 instructions),65
closure,13,CRASH,0,3535,0.00% (0/3535 instructions),65
closure,14,CRASH,0,3510,0.00% (0/3510 instructions),62
closure,15,CRASH,0,3510,0.00% (0/3510 instructions),58
closure,16,CRASH,0,3510,0.00% (0/3510 instructions),68
closure,17,CRASH,0,3510,0.00% (0/3510 instructions),67
closure,18,CRASH,0,3514,0.00% (0/3514 instructions),66
closure,19,CRASH,0,3514,0.00% (0/3514 instructions),68
closure,20,CRASH,0,3514,0.00% (0/3514 instructions),67
closure,21,CRASH,0,3514,0.00% (0/3514 instructions),56
closure,22,CRASH,0,3514,0.00% (0/3514 instructions),65
closure,23,CRASH,0,3514,0.00% (0/3514 instructions),64
closure,24,CRASH,0,3514,0.00% (0/3514 instructions),65
closure,25,CRASH,0,3500,0.00% (0/3500 instructions),62
closure,26,CRASH,0,3500,0.00% (0/3500 instructions),65
closure,27,CRASH,0,3500,0.00% (0/3500 instructions),65
closure,28,CRASH,0,3500,0.00% (0/3500 instructions),64
closure,29,CRASH,0,3500,0.00% (0/3500 instructions),65
closure,30,CRASH,0,3438,0.00% (0/3438 instructions),64
closure,31,CRASH,0,3442,0.00% (0/3442 instructions),55
closure,32,CRASH,0,3442,0.00% (0/3442 instructions),62
closure,33,CRASH,0,3442,0.00% (0/3442 instructions),63
closure,34,CRASH,0,3442,0.00% (0/3442 instructions),63
closure,35,CRASH,0,3299,0.00% (0/3299 instructions),67
closure,36,CRASH,0,3299,0.00% (0/3299 instructions),60
closure,37,CRASH,0,3299,0.00% (0/3299 instructions),61
closure,38,CRASH,0,3166,0.00% (0/3166 instructions),60
closure,39,CRASH,0,3106,0.00% (0/3106 instructions),59
closure,40,CRASH,0,3106,0.00% (0/3106 instructions),58
closure,41,CRASH,0,3103,0.00% (0/3103 instructions),55
closure,42,CRASH,0,3103,0.00% (0/3103 instructions),59
closure,43,CRASH,0,3103,0.00% (0/3103 instructions),61
closure,44,CRASH,0,2838,0.00% (0/2838 instructions),60
closure,45,CRASH,0,2837,0.00% (0/2837 instructions),69
closure,46,CRASH,0,2836,0.00% (0/2836 instructions),58
closure,47,CRASH,0,2836,0.00% (0/2836 instructions),58
closure,48,CRASH,0,2836,0.00% (0/2836 instructions),60
closure,49,CRASH,0,2838,0.00% (0/2838 instructions),61
closure,50,CRASH,0,2833,0.00% (0/2833 instructions),60
closure,51,CRASH,0,2831,0.00% (0/2831 instructions),62
closure,52,CRASH,0,2827,0.00% (0/2827 instructions),64
closure,53,CRASH,0,2826,0.00% (0/2826 instructions),64
closure,54,CRASH,0,2810,0.00% (0/2810 instructions),65
closure,55,CRASH,0,2803,0.00% (0/2803 instructions),65
closure,56,CRASH,0,2803,0.00% (0/2803 instructions),61
closure,57,CRASH,0,2803,0.00% (0/2803 instructions),62
closure,58,CRASH,0,2803,0.00% (0/2803 instructions),60
closure,59,CRASH,0,2738,0.00% (0/2738 instructions),59
closure,60,CRASH,0,2667,0.00% (0/2667 instructions),60
closure,61,CRASH,0,2659,0.00% (0/2659 instructions),62
closure,62,CRASH,0,2659,0.00% (0/2659 instructions),65
closure,63,NO_ARTIFACT,0,0,N/A (0/0),0
closure,64,CRASH,0,2656,0.00% (0/2656 instructions),63
closure,65,CRASH,0,2656,0.00% (0/2656 instructions),65
closure,66,CRASH,0,2656,0.00% (0/2656 instructions),64
closure,67,CRASH,0,2656,0.00% (0/2656 instructions),60
closure,69,CRASH,0,2656,0.00% (0/2656 instructions),62
closure,70,CRASH,0,2625,0.00% (0/2625 instructions),63
closure,71,CRASH,0,2625,0.00% (0/2625 instructions),64
closure,72,CRASH,0,2628,0.00% (0/2628 instructions),64
closure,73,CRASH,0,2614,0.00% (0/2614 instructions),66
closure,74,CRASH,0,2612,0.00% (0/2612 instructions),65
closure,75,CRASH,0,2612,0.00% (0/2612 instructions),65
closure,76,CRASH,0,2607,0.00% (0/2607 instructions),64
closure,77,CRASH,0,2607,0.00% (0/2607 instructions),63
closure,78,CRASH,0,2607,0.00% (0/2607 instructions),64
closure,79,CRASH,0,2538,0.00% (0/2538 instructions),65
closure,80,CRASH,0,2538,0.00% (0/2538 instructions),65
closure,81,CRASH,0,2538,0.00% (0/2538 instructions),64
closure,82,CRASH,0,2532,0.00% (0/2532 instructions),66
closure,83,CRASH,0,2518,0.00% (0/2518 instructions),66
closure,84,CRASH,0,2518,0.00% (0/2518 instructions),67
closure,85,CRASH,0,2506,0.00% (0/2506 instructions),66
closure,86,CRASH,0,2506,0.00% (0/2506 instructions),66
closure,87,CRASH,0,2520,0.00% (0/2520 instructions),67
closure,88,CRASH,0,2520,0.00% (0/2520 instructions),68
closure,89,CRASH,0,2444,0.00% (0/2444 instructions),63
closure,90,CRASH,0,2444,0.00% (0/2444 instructions),64
closure,91,CRASH,0,2444,0.00% (0/2444 instructions),68
closure,92,CRASH,0,2444,0.00% (0/2444 instructions),67
closure,93,NO_ARTIFACT,0,0,N/A (0/0),0
closure,94,CRASH,0,2421,0.00% (0/2421 instructions),68
closure,95,CRASH,0,2419,0.00% (0/2419 instructions),67
closure,96,CRASH,0,2419,0.00% (0/2419 instructions),69
closure,97,CRASH,0,2357,0.00% (0/2357 instructions),69
closure,98,CRASH,0,2314,0.00% (0/2314 instructions),67
closure,99,CRASH,0,2314,0.00% (0/2314 instructions),65
closure,100,CRASH,0,2314,0.00% (0/2314 instructions),68
closure,101,CRASH,0,2209,0.00% (0/2209 instructions),69
closure,102,CRASH,0,2158,0.00% (0/2158 instructions),70
closure,103,CRASH,0,2175,0.00% (0/2175 instructions),69
closure,104,CRASH,0,2175,0.00% (0/2175 instructions),70
closure,105,CRASH,0,2159,0.00% (0/2159 instructions),70
closure,106,CRASH,0,2881,0.00% (0/2881 instructions),70
closure,107,CRASH,0,3663,0.00% (0/3663 instructions),71
closure,108,CRASH,0,3663,0.00% (0/3663 instructions),62
closure,109,CRASH,0,3639,0.00% (0/3639 instructions),65
closure,110,CRASH,0,3635,0.00% (0/3635 instructions),62
closure,111,CRASH,0,3635,0.00% (0/3635 instructions),67
closure,112,CRASH,0,3635,0.00% (0/3635 instructions),66
closure,113,CRASH,0,3635,0.00% (0/3635 instructions),66
closure,114,CRASH,0,3635,0.00% (0/3635 instructions),66
closure,115,CRASH,0,3635,0.00% (0/3635 instructions),66
closure,116,CRASH,0,3635,0.00% (0/3635 instructions),66
closure,117,CRASH,0,3635,0.00% (0/3635 instructions),64
closure,118,CRASH,0,3635,0.00% (0/3635 instructions),64
closure,119,CRASH,0,3635,0.00% (0/3635 instructions),62
closure,120,CRASH,0,3635,0.00% (0/3635 instructions),63
closure,121,CRASH,0,3635,0.00% (0/3635 instructions),65
closure,122,CRASH,0,3635,0.00% (0/3635 instructions),66
closure,123,CRASH,0,3635,0.00% (0/3635 instructions),67
closure,124,CRASH,0,3635,0.00% (0/3635 instructions),67
closure,125,CRASH,0,3635,0.00% (0/3635 instructions),66
closure,126,CRASH,0,3641,0.00% (0/3641 instructions),67
closure,127,CRASH,0,3641,0.00% (0/3641 instructions),66
closure,128,CRASH,0,3638,0.00% (0/3638 instructions),63
closure,129,CRASH,0,3638,0.00% (0/3638 instructions),61
closure,130,CRASH,0,3561,0.00% (0/3561 instructions),63
closure,131,CRASH,0,3561,0.00% (0/3561 instructions),64
closure,132,CRASH,0,3561,0.00% (0/3561 instructions),67
closure,133,CRASH,0,3538,0.00% (0/3538 instructions),68
codec,1,PASS,893,989,90.29% (893/989 instructions),55
codec,2,PASS,2082,2236,93.11% (2082/2236 instructions),56
codec,3,CRASH,1259,2325,54.15% (1259/2325 instructions),52
codec,4,CRASH,1533,2325,65.94% (1533/2325 instructions),52
codec,5,CRASH,1796,2325,77.25% (1796/2325 instructions),47
codec,6,CRASH,2118,2339,90.55% (2118/2339 instructions),47
codec,7,CRASH,2068,2339,88.41% (2068/2339 instructions),45
codec,8,CRASH,1999,2296,87.06% (1999/2296 instructions),47
codec,9,CRASH,1984,2283,86.90% (1984/2283 instructions),47
codec,10,CRASH,1437,1918,74.92% (1437/1918 instructions),47
codec,11,CRASH,1607,1918,83.79% (1607/1918 instructions),50
codec,12,CRASH,1573,1918,82.01% (1573/1918 instructions),52
codec,13,CRASH,1417,1940,73.04% (1417/1940 instructions),52
codec,14,CRASH,1664,1940,85.77% (1664/1940 instructions),52
codec,15,CRASH,1306,1940,67.32% (1306/1940 instructions),50
codec,16,CRASH,1731,1940,89.23% (1731/1940 instructions),51
codec,17,CRASH,1253,1940,64.59% (1253/1940 instructions),51
codec,18,CRASH,1630,1940,84.02% (1630/1940 instructions),53
collections,1,CRASH,0,0,N/A (0/0),53
collections,2,CRASH,0,0,N/A (0/0),52
collections,3,CRASH,0,0,N/A (0/0),57
collections,4,CRASH,0,0,N/A (0/0),57
collections,5,CRASH,0,0,N/A (0/0),58
collections,6,CRASH,0,0,N/A (0/0),57
collections,7,CRASH,0,0,N/A (0/0),58
collections,8,CRASH,0,0,N/A (0/0),57
collections,9,CRASH,0,0,N/A (0/0),54
collections,10,CRASH,0,0,N/A (0/0),50
collections,11,CRASH,0,0,N/A (0/0),50
collections,12,CRASH,0,0,N/A (0/0),49
collections,13,CRASH,0,0,N/A (0/0),55
collections,14,CRASH,0,0,N/A (0/0),54
collections,15,CRASH,0,0,N/A (0/0),55
collections,16,CRASH,0,0,N/A (0/0),56
collections,17,CRASH,0,0,N/A (0/0),53
collections,18,CRASH,0,0,N/A (0/0),53
collections,19,CRASH,0,0,N/A (0/0),52
collections,20,CRASH,0,0,N/A (0/0),50
collections,21,CRASH,142,334,42.51% (142/334 instructions),51
collections,22,CRASH,172,416,41.35% (172/416 instructions),50
collections,23,CRASH,182,416,43.75% (182/416 instructions),57
collections,24,CRASH,126,416,30.29% (126/416 instructions),56
collections,25,CRASH,283,416,68.03% (283/416 instructions),58
collections,26,CRASH,169,416,40.62% (169/416 instructions),57
collections,27,CRASH,130,416,31.25% (130/416 instructions),59
collections,28,CRASH,205,416,49.28% (205/416 instructions),59
compress,1,PASS,168,225,74.67% (168/225 instructions),57
compress,2,PASS,158,225,70.22% (158/225 instructions),60
compress,3,PASS,186,238,78.15% (186/238 instructions),62
compress,4,PASS,181,238,76.05% (181/238 instructions),63
compress,5,PASS,176,238,73.95% (176/238 instructions),62
compress,6,PASS,176,238,73.95% (176/238 instructions),62
compress,7,PASS,186,248,75.00% (186/248 instructions),62
compress,8,PASS,191,248,77.02% (191/248 instructions),63
compress,9,PASS,217,296,73.31% (217/296 instructions),51
compress,10,PASS,187,296,63.18% (187/296 instructions),49
compress,11,PASS,177,296,59.80% (177/296 instructions),52
compress,12,PASS,200,299,66.89% (200/299 instructions),51
compress,13,PASS,195,299,65.22% (195/299 instructions),58
compress,14,PASS,210,299,70.23% (210/299 instructions),60
compress,15,PASS,210,299,70.23% (210/299 instructions),60
compress,16,PASS,205,299,68.56% (205/299 instructions),60
compress,17,PASS,234,379,61.74% (234/379 instructions),61
compress,18,PASS,239,379,63.06% (239/379 instructions),62
compress,19,PASS,242,407,59.46% (242/407 instructions),54
compress,20,PASS,242,407,59.46% (242/407 instructions),55
compress,21,PASS,248,437,56.75% (248/437 instructions),53
compress,22,PASS,232,433,53.58% (232/433 instructions),55
compress,23,PASS,232,433,53.58% (232/433 instructions),55
compress,24,PASS,240,433,55.43% (240/433 instructions),59
compress,25,PASS,248,433,57.27% (248/433 instructions),61
compress,26,PASS,275,460,59.78% (275/460 instructions),62
compress,27,PASS,270,460,58.70% (270/460 instructions),62
compress,28,PASS,254,460,55.22% (254/460 instructions),62
compress,29,CRASH,208,504,41.27% (208/504 instructions),54
compress,30,CRASH,123,524,23.47% (123/524 instructions),53
compress,31,CRASH,31,524,5.92% (31/524 instructions),52
compress,32,CRASH,31,524,5.92% (31/524 instructions),51
compress,33,CRASH,158,524,30.15% (158/524 instructions),48
compress,34,CRASH,208,524,39.69% (208/524 instructions),55
compress,35,CRASH,208,478,43.51% (208/478 instructions),55
compress,36,CRASH,208,478,43.51% (208/478 instructions),57
compress,37,CRASH,208,478,43.51% (208/478 instructions),58
compress,38,CRASH,204,478,42.68% (204/478 instructions),57
compress,39,CRASH,208,478,43.51% (208/478 instructions),54
compress,40,CRASH,204,478,42.68% (204/478 instructions),56
compress,41,CRASH,354,630,56.19% (354/630 instructions),55
compress,42,CRASH,354,630,56.19% (354/630 instructions),55
compress,43,CRASH,358,627,57.10% (358/627 instructions),52
compress,44,CRASH,358,627,57.10% (358/627 instructions),53
compress,45,CRASH,193,627,30.78% (193/627 instructions),54
compress,46,CRASH,269,627,42.90% (269/627 instructions),56
compress,47,CRASH,358,627,57.10% (358/627 instructions),56
csv,1,CRASH,362,538,67.29% (362/538 instructions),60
csv,2,CRASH,384,508,75.59% (384/508 instructions),58
csv,3,CRASH,391,515,75.92% (391/515 instructions),57
csv,4,CRASH,462,1079,42.82% (462/1079 instructions),56
csv,5,CRASH,777,1079,72.01% (777/1079 instructions),62
csv,6,CRASH,725,1079,67.19% (725/1079 instructions),63
csv,7,CRASH,309,1079,28.64% (309/1079 instructions),61
csv,8,CRASH,604,1128,53.55% (604/1128 instructions),61
csv,9,CRASH,496,1133,43.78% (496/1133 instructions),58
csv,10,CRASH,472,1139,41.44% (472/1139 instructions),57
csv,11,CRASH,552,1222,45.17% (552/1222 instructions),56
csv,12,CRASH,721,1198,60.18% (721/1198 instructions),54
csv,13,CRASH,501,1490,33.62% (501/1490 instructions),54
csv,14,CRASH,556,2136,26.03% (556/2136 instructions),53
csv,15,CRASH,1183,2276,51.98% (1183/2276 instructions),52
csv,16,CRASH,770,2274,33.86% (770/2274 instructions),52
gson,1,CRASH,212,431,49.19% (212/431 instructions),54
gson,2,CRASH,422,845,49.94% (422/845 instructions),54
gson,3,CRASH,399,845,47.22% (399/845 instructions),55
gson,4,CRASH,436,900,48.44% (436/900 instructions),56
gson,5,CRASH,493,900,54.78% (493/900 instructions),56
gson,6,CRASH,407,900,45.22% (407/900 instructions),62
gson,7,CRASH,551,908,60.68% (551/908 instructions),63
gson,8,CRASH,425,896,47.43% (425/896 instructions),61
gson,9,CRASH,412,896,45.98% (412/896 instructions),67
gson,10,CRASH,403,914,44.09% (403/914 instructions),68
gson,11,CRASH,563,921,61.13% (563/921 instructions),71
gson,12,CRASH,618,921,67.10% (618/921 instructions),70
gson,13,CRASH,437,920,47.50% (437/920 instructions),71
gson,14,CRASH,599,920,65.11% (599/920 instructions),72
gson,15,CRASH,632,920,68.70% (632/920 instructions),71
gson,16,CRASH,441,920,47.93% (441/920 instructions),64
gson,17,CRASH,423,920,45.98% (423/920 instructions),65
gson,18,CRASH,563,957,58.83% (563/957 instructions),64
jacksoncore,1,CRASH,649,918,70.70% (649/918 instructions),57
jacksoncore,2,CRASH,655,920,71.20% (655/920 instructions),57
jacksoncore,3,CRASH,669,920,72.72% (669/920 instructions),57
jacksoncore,4,CRASH,737,957,77.01% (737/957 instructions),57
jacksoncore,5,CRASH,737,957,77.01% (737/957 instructions),57
jacksoncore,6,CRASH,723,957,75.55% (723/957 instructions),55
jacksoncore,7,PASS,723,957,75.55% (723/957 instructions),57
jacksoncore,8,PASS,743,963,77.15% (743/963 instructions),59
jacksoncore,9,PASS,729,963,75.70% (729/963 instructions),59
jacksoncore,10,CRASH,752,976,77.05% (752/976 instructions),60
jacksoncore,11,CRASH,738,976,75.61% (738/976 instructions),60
jacksoncore,12,CRASH,732,970,75.46% (732/970 instructions),61
jacksoncore,13,CRASH,727,965,75.34% (727/965 instructions),60
jacksoncore,14,CRASH,723,965,74.92% (723/965 instructions),61
jacksoncore,15,CRASH,741,965,76.79% (741/965 instructions),60
jacksoncore,16,CRASH,793,1055,75.17% (793/1055 instructions),59
jacksoncore,17,PASS,727,965,75.34% (727/965 instructions),57
jacksoncore,18,CRASH,727,965,75.34% (727/965 instructions),60
jacksoncore,19,CRASH,741,965,76.79% (741/965 instructions),60
jacksoncore,20,CRASH,792,1054,75.14% (792/1054 instructions),60
jacksoncore,21,CRASH,831,1083,76.73% (831/1083 instructions),59
jacksoncore,22,PASS,826,1090,75.78% (826/1090 instructions),60
jacksoncore,23,PASS,905,1140,79.39% (905/1140 instructions),60
jacksoncore,24,CRASH,922,1167,79.01% (922/1167 instructions),61
jacksoncore,25,CRASH,808,1072,75.37% (808/1072 instructions),62
jacksoncore,26,CRASH,922,1167,79.01% (922/1167 instructions),61
jacksondatabind,1,CRASH,0,2529,0.00% (0/2529 instructions),52
jacksondatabind,2,CRASH,0,2643,0.00% (0/2643 instructions),58
jacksondatabind,3,CRASH,0,2643,0.00% (0/2643 instructions),57
jacksondatabind,4,CRASH,0,2643,0.00% (0/2643 instructions),57
jacksondatabind,5,CRASH,0,2643,0.00% (0/2643 instructions),57
jacksondatabind,6,CRASH,0,2643,0.00% (0/2643 instructions),54
jacksondatabind,7,CRASH,0,2654,0.00% (0/2654 instructions),55
jacksondatabind,8,CRASH,0,2820,0.00% (0/2820 instructions),55
jacksondatabind,9,CRASH,0,2820,0.00% (0/2820 instructions),56
jacksondatabind,10,CRASH,0,2824,0.00% (0/2824 instructions),56
jacksondatabind,11,CRASH,0,2824,0.00% (0/2824 instructions),51
jacksondatabind,12,CRASH,0,2652,0.00% (0/2652 instructions),56
jacksondatabind,13,CRASH,0,2824,0.00% (0/2824 instructions),56
jacksondatabind,14,CRASH,0,2824,0.00% (0/2824 instructions),56
jacksondatabind,15,CRASH,0,2824,0.00% (0/2824 instructions),56
jacksondatabind,16,CRASH,0,2824,0.00% (0/2824 instructions),55
jacksondatabind,17,CRASH,0,2652,0.00% (0/2652 instructions),55
jacksondatabind,18,CRASH,0,2880,0.00% (0/2880 instructions),56
jacksondatabind,19,CRASH,0,2880,0.00% (0/2880 instructions),55
jacksondatabind,20,CRASH,0,2824,0.00% (0/2824 instructions),55
jacksondatabind,21,CRASH,0,2880,0.00% (0/2880 instructions),49
jacksondatabind,22,CRASH,0,2875,0.00% (0/2875 instructions),56
jacksondatabind,23,CRASH,0,2875,0.00% (0/2875 instructions),57
jacksondatabind,24,CRASH,0,2875,0.00% (0/2875 instructions),57
jacksondatabind,25,CRASH,0,2875,0.00% (0/2875 instructions),58
jacksondatabind,26,CRASH,0,2875,0.00% (0/2875 instructions),55
jacksondatabind,27,CRASH,0,2890,0.00% (0/2890 instructions),56
jacksondatabind,28,CRASH,0,2890,0.00% (0/2890 instructions),57
jacksondatabind,29,CRASH,0,2889,0.00% (0/2889 instructions),56
jacksondatabind,30,CRASH,0,2889,0.00% (0/2889 instructions),56
jacksondatabind,31,CRASH,0,2905,0.00% (0/2905 instructions),51
jacksondatabind,32,CRASH,0,2905,0.00% (0/2905 instructions),56
jacksondatabind,33,CRASH,0,2905,0.00% (0/2905 instructions),57
jacksondatabind,34,CRASH,0,2917,0.00% (0/2917 instructions),57
jacksondatabind,35,CRASH,0,2824,0.00% (0/2824 instructions),57
jacksondatabind,36,CRASH,0,2917,0.00% (0/2917 instructions),54
jacksondatabind,37,CRASH,0,2917,0.00% (0/2917 instructions),53
jacksondatabind,38,CRASH,0,2917,0.00% (0/2917 instructions),55
jacksondatabind,39,CRASH,0,2905,0.00% (0/2905 instructions),55
jacksondatabind,40,CRASH,0,2917,0.00% (0/2917 instructions),55
jacksondatabind,41,CRASH,0,2917,0.00% (0/2917 instructions),53
jacksondatabind,42,CRASH,0,2905,0.00% (0/2905 instructions),56
jacksondatabind,43,CRASH,0,2917,0.00% (0/2917 instructions),57
jacksondatabind,44,CRASH,0,2917,0.00% (0/2917 instructions),58
jacksondatabind,45,CRASH,0,2917,0.00% (0/2917 instructions),57
jacksondatabind,46,CRASH,0,2905,0.00% (0/2905 instructions),54
jacksondatabind,47,CRASH,0,2936,0.00% (0/2936 instructions),55
jacksondatabind,48,CRASH,0,2936,0.00% (0/2936 instructions),55
jacksondatabind,49,CRASH,0,2905,0.00% (0/2905 instructions),55
jacksondatabind,50,CRASH,0,2910,0.00% (0/2910 instructions),56
jacksondatabind,51,CRASH,0,2910,0.00% (0/2910 instructions),53
jacksondatabind,52,CRASH,0,2910,0.00% (0/2910 instructions),58
jacksondatabind,53,CRASH,0,2936,0.00% (0/2936 instructions),58
jacksondatabind,54,CRASH,0,2910,0.00% (0/2910 instructions),58
jacksondatabind,55,CRASH,0,2936,0.00% (0/2936 instructions),58
jacksondatabind,56,CRASH,0,2936,0.00% (0/2936 instructions),55
jacksondatabind,57,CRASH,0,2936,0.00% (0/2936 instructions),55
jacksondatabind,58,CRASH,0,2936,0.00% (0/2936 instructions),56
jacksondatabind,59,CRASH,0,2910,0.00% (0/2910 instructions),56
jacksondatabind,60,CRASH,0,2910,0.00% (0/2910 instructions),56
jacksondatabind,61,CRASH,0,2910,0.00% (0/2910 instructions),55
jacksondatabind,62,CRASH,0,2936,0.00% (0/2936 instructions),57
jacksondatabind,63,CRASH,0,2910,0.00% (0/2910 instructions),58
jacksondatabind,64,CRASH,0,2910,0.00% (0/2910 instructions),59
jacksondatabind,65,NO_ARTIFACT,0,0,N/A (0/0),0
jacksondatabind,66,CRASH,0,2910,0.00% (0/2910 instructions),58
jacksondatabind,67,CRASH,0,2910,0.00% (0/2910 instructions),56
jacksondatabind,68,CRASH,0,2910,0.00% (0/2910 instructions),56
jacksondatabind,69,CRASH,0,2936,0.00% (0/2936 instructions),56
jacksondatabind,70,CRASH,0,2910,0.00% (0/2910 instructions),57
jacksondatabind,71,CRASH,0,2936,0.00% (0/2936 instructions),55
jacksondatabind,72,CRASH,0,2936,0.00% (0/2936 instructions),55
jacksondatabind,73,CRASH,0,2910,0.00% (0/2910 instructions),57
jacksondatabind,74,CRASH,0,2910,0.00% (0/2910 instructions),58
jacksondatabind,75,CRASH,0,2910,0.00% (0/2910 instructions),59
jacksondatabind,76,CRASH,0,2910,0.00% (0/2910 instructions),59
jacksondatabind,77,CRASH,0,2936,0.00% (0/2936 instructions),56
jacksondatabind,78,CRASH,0,2926,0.00% (0/2926 instructions),56
jacksondatabind,79,CRASH,0,2936,0.00% (0/2936 instructions),56
jacksondatabind,80,CRASH,0,3052,0.00% (0/3052 instructions),57
jacksondatabind,81,CRASH,0,3052,0.00% (0/3052 instructions),57
jacksondatabind,82,CRASH,0,2926,0.00% (0/2926 instructions),56
jacksondatabind,83,CRASH,0,2926,0.00% (0/2926 instructions),58
jacksondatabind,84,CRASH,0,2926,0.00% (0/2926 instructions),57
jacksondatabind,85,CRASH,0,2926,0.00% (0/2926 instructions),59
jacksondatabind,86,CRASH,0,2926,0.00% (0/2926 instructions),59
jacksondatabind,87,CRASH,0,2926,0.00% (0/2926 instructions),58
jacksondatabind,88,CRASH,0,2926,0.00% (0/2926 instructions),57
jacksondatabind,89,NO_ARTIFACT,0,0,N/A (0/0),0
jacksondatabind,90,CRASH,0,2926,0.00% (0/2926 instructions),55
jacksondatabind,91,CRASH,0,2926,0.00% (0/2926 instructions),55
jacksondatabind,92,CRASH,0,2936,0.00% (0/2936 instructions),56
jacksondatabind,93,CRASH,0,2926,0.00% (0/2926 instructions),55
jacksondatabind,94,CRASH,0,2936,0.00% (0/2936 instructions),57
jacksondatabind,95,CRASH,0,2926,0.00% (0/2926 instructions),60
jacksondatabind,96,CRASH,0,3100,0.00% (0/3100 instructions),61
jacksondatabind,97,CRASH,0,3100,0.00% (0/3100 instructions),62
jacksondatabind,98,CRASH,0,3100,0.00% (0/3100 instructions),60
jacksondatabind,99,CRASH,0,2926,0.00% (0/2926 instructions),56
jacksondatabind,100,CRASH,0,3100,0.00% (0/3100 instructions),55
jacksondatabind,101,CRASH,0,3100,0.00% (0/3100 instructions),58
jacksondatabind,102,CRASH,0,3100,0.00% (0/3100 instructions),56
jacksondatabind,103,CRASH,0,3100,0.00% (0/3100 instructions),59
jacksondatabind,104,CRASH,0,3100,0.00% (0/3100 instructions),61
jacksondatabind,105,CRASH,0,3100,0.00% (0/3100 instructions),62
jacksondatabind,106,CRASH,0,3116,0.00% (0/3116 instructions),61
jacksondatabind,107,CRASH,0,3100,0.00% (0/3100 instructions),59
jacksondatabind,108,CRASH,0,3140,0.00% (0/3140 instructions),54
jacksondatabind,109,CRASH,0,3131,0.00% (0/3131 instructions),53
jacksondatabind,110,CRASH,0,3100,0.00% (0/3100 instructions),54
jacksondatabind,111,CRASH,0,3100,0.00% (0/3100 instructions),58
jacksondatabind,112,CRASH,0,3100,0.00% (0/3100 instructions),59
jacksonxml,1,CRASH,0,208,0.00% (0/208 instructions),57
jacksonxml,2,CRASH,0,208,0.00% (0/208 instructions),57
jacksonxml,3,CRASH,0,208,0.00% (0/208 instructions),56
jacksonxml,4,CRASH,0,208,0.00% (0/208 instructions),57
jacksonxml,5,CRASH,0,215,0.00% (0/215 instructions),57
jacksonxml,6,CRASH,0,215,0.00% (0/215 instructions),47
jsoup,1,CRASH,0,194,0.00% (0/194 instructions),53
jsoup,2,CRASH,0,194,0.00% (0/194 instructions),52
jsoup,3,CRASH,0,197,0.00% (0/197 instructions),53
jsoup,4,CRASH,33,230,14.35% (33/230 instructions),53
jsoup,5,CRASH,33,230,14.35% (33/230 instructions),50
jsoup,6,CRASH,33,230,14.35% (33/230 instructions),50
jsoup,7,CRASH,33,230,14.35% (33/230 instructions),50
jsoup,8,CRASH,33,308,10.71% (33/308 instructions),50
jsoup,9,CRASH,33,308,10.71% (33/308 instructions),50
jsoup,10,CRASH,33,319,10.34% (33/319 instructions),50
jsoup,11,CRASH,33,319,10.34% (33/319 instructions),51
jsoup,12,CRASH,33,319,10.34% (33/319 instructions),52
jsoup,13,CRASH,35,329,10.64% (35/329 instructions),53
jsoup,14,CRASH,35,329,10.64% (35/329 instructions),52
jsoup,15,CRASH,35,329,10.64% (35/329 instructions),52
jsoup,16,CRASH,35,329,10.64% (35/329 instructions),51
jsoup,17,CRASH,35,329,10.64% (35/329 instructions),51
jsoup,18,CRASH,35,329,10.64% (35/329 instructions),52
jsoup,19,CRASH,35,329,10.64% (35/329 instructions),52
jsoup,20,CRASH,35,329,10.64% (35/329 instructions),51
jsoup,21,CRASH,35,329,10.64% (35/329 instructions),51
jsoup,22,CRASH,35,329,10.64% (35/329 instructions),53
jsoup,23,CRASH,35,329,10.64% (35/329 instructions),53
jsoup,24,CRASH,35,329,10.64% (35/329 instructions),53
jsoup,25,CRASH,35,329,10.64% (35/329 instructions),50
jsoup,26,CRASH,35,336,10.42% (35/336 instructions),50
jsoup,27,CRASH,35,336,10.42% (35/336 instructions),51
jsoup,28,CRASH,35,336,10.42% (35/336 instructions),52
jsoup,29,CRASH,35,336,10.42% (35/336 instructions),52
jsoup,30,CRASH,35,337,10.39% (35/337 instructions),51
jsoup,31,CRASH,35,337,10.39% (35/337 instructions),52
jsoup,32,CRASH,35,337,10.39% (35/337 instructions),52
jsoup,33,CRASH,35,337,10.39% (35/337 instructions),53
jsoup,34,CRASH,35,337,10.39% (35/337 instructions),52
jsoup,35,CRASH,35,337,10.39% (35/337 instructions),51
jsoup,36,CRASH,35,341,10.26% (35/341 instructions),51
jsoup,37,CRASH,38,347,10.95% (38/347 instructions),52
jsoup,38,CRASH,38,347,10.95% (38/347 instructions),53
jsoup,39,CRASH,38,347,10.95% (38/347 instructions),52
jsoup,40,CRASH,38,347,10.95% (38/347 instructions),53
jsoup,41,CRASH,38,348,10.92% (38/348 instructions),53
jsoup,42,CRASH,38,348,10.92% (38/348 instructions),54
jsoup,43,CRASH,41,506,8.10% (41/506 instructions),55
jsoup,44,CRASH,41,506,8.10% (41/506 instructions),55
jsoup,45,CRASH,41,506,8.10% (41/506 instructions),54
jsoup,46,CRASH,41,506,8.10% (41/506 instructions),55
jsoup,47,CRASH,41,506,8.10% (41/506 instructions),54
jsoup,48,CRASH,41,506,8.10% (41/506 instructions),55
jsoup,49,CRASH,41,506,8.10% (41/506 instructions),55
jsoup,50,CRASH,41,506,8.10% (41/506 instructions),54
jsoup,51,CRASH,41,506,8.10% (41/506 instructions),53
jsoup,52,CRASH,41,505,8.12% (41/505 instructions),54
jsoup,53,CRASH,41,505,8.12% (41/505 instructions),54
jsoup,54,CRASH,41,505,8.12% (41/505 instructions),54
jsoup,55,CRASH,42,507,8.28% (42/507 instructions),53
jsoup,56,CRASH,42,507,8.28% (42/507 instructions),54
jsoup,57,CRASH,42,507,8.28% (42/507 instructions),53
jsoup,58,CRASH,42,507,8.28% (42/507 instructions),55
jsoup,59,CRASH,42,507,8.28% (42/507 instructions),55
jsoup,60,CRASH,42,507,8.28% (42/507 instructions),55
jsoup,61,CRASH,42,507,8.28% (42/507 instructions),58
jsoup,62,CRASH,42,507,8.28% (42/507 instructions),57
jsoup,63,CRASH,42,496,8.47% (42/496 instructions),58
jsoup,64,CRASH,42,496,8.47% (42/496 instructions),57
jsoup,65,CRASH,43,491,8.76% (43/491 instructions),58
jsoup,66,CRASH,43,491,8.76% (43/491 instructions),58
jsoup,67,CRASH,43,491,8.76% (43/491 instructions),58
jsoup,68,CRASH,43,491,8.76% (43/491 instructions),59
jsoup,69,CRASH,43,491,8.76% (43/491 instructions),59
jsoup,70,CRASH,43,491,8.76% (43/491 instructions),59
jsoup,71,CRASH,43,491,8.76% (43/491 instructions),59
jsoup,72,CRASH,43,491,8.76% (43/491 instructions),57
jsoup,73,CRASH,43,491,8.76% (43/491 instructions),57
jsoup,74,CRASH,43,491,8.76% (43/491 instructions),58
jsoup,75,CRASH,43,491,8.76% (43/491 instructions),59
jsoup,76,CRASH,43,491,8.76% (43/491 instructions),60
jsoup,77,CRASH,43,491,8.76% (43/491 instructions),58
jsoup,78,CRASH,43,491,8.76% (43/491 instructions),61
jsoup,79,CRASH,43,491,8.76% (43/491 instructions),60
jsoup,80,CRASH,43,491,8.76% (43/491 instructions),60
jsoup,81,CRASH,43,503,8.55% (43/503 instructions),59
jsoup,82,CRASH,43,503,8.55% (43/503 instructions),59
jsoup,83,CRASH,43,503,8.55% (43/503 instructions),60
jsoup,84,CRASH,43,503,8.55% (43/503 instructions),59
jsoup,85,CRASH,43,503,8.55% (43/503 instructions),57
jsoup,86,CRASH,43,503,8.55% (43/503 instructions),56
jsoup,87,CRASH,43,503,8.55% (43/503 instructions),54
jsoup,88,CRASH,43,503,8.55% (43/503 instructions),60
jsoup,89,CRASH,43,503,8.55% (43/503 instructions),60
jsoup,90,CRASH,43,503,8.55% (43/503 instructions),59
jsoup,91,CRASH,43,503,8.55% (43/503 instructions),57
jsoup,92,CRASH,43,503,8.55% (43/503 instructions),58
jsoup,93,CRASH,43,503,8.55% (43/503 instructions),57
jxpath,1,CRASH,99,342,28.95% (99/342 instructions),55
jxpath,2,CRASH,85,342,24.85% (85/342 instructions),62
jxpath,3,CRASH,94,342,27.49% (94/342 instructions),60
jxpath,4,CRASH,73,342,21.35% (73/342 instructions),63
jxpath,5,CRASH,112,340,32.94% (112/340 instructions),62
jxpath,6,CRASH,71,357,19.89% (71/357 instructions),64
jxpath,7,CRASH,66,357,18.49% (66/357 instructions),64
jxpath,8,CRASH,53,357,14.85% (53/357 instructions),64
jxpath,9,CRASH,108,357,30.25% (108/357 instructions),64
jxpath,10,CRASH,105,357,29.41% (105/357 instructions),59
jxpath,11,CRASH,138,357,38.66% (138/357 instructions),49
jxpath,12,CRASH,68,357,19.05% (68/357 instructions),57
jxpath,13,CRASH,74,357,20.73% (74/357 instructions),57
jxpath,14,CRASH,63,357,17.65% (63/357 instructions),61
jxpath,15,CRASH,117,357,32.77% (117/357 instructions),62
jxpath,16,CRASH,75,357,21.01% (75/357 instructions),63
jxpath,17,CRASH,107,357,29.97% (107/357 instructions),61
jxpath,18,CRASH,68,357,19.05% (68/357 instructions),63
jxpath,19,CRASH,102,357,28.57% (102/357 instructions),62
jxpath,20,CRASH,106,370,28.65% (106/370 instructions),58
jxpath,21,CRASH,130,370,35.14% (130/370 instructions),51
jxpath,22,CRASH,99,370,26.76% (99/370 instructions),40
lang,1,CRASH,2082,5485,37.96% (2082/5485 instructions),57
lang,2,NO_ARTIFACT,0,0,N/A (0/0),0
lang,3,CRASH,1579,5471,28.86% (1579/5471 instructions),55
lang,4,CRASH,1676,5477,30.60% (1676/5477 instructions),55
lang,5,CRASH,143,5347,2.67% (143/5347 instructions),53
lang,6,CRASH,680,5347,12.72% (680/5347 instructions),56
lang,7,CRASH,2335,5347,43.67% (2335/5347 instructions),56
lang,8,CRASH,445,4963,8.97% (445/4963 instructions),56
lang,9,CRASH,744,4963,14.99% (744/4963 instructions),54
lang,10,CRASH,1585,4963,31.94% (1585/4963 instructions),55
lang,11,CRASH,687,4954,13.87% (687/4954 instructions),55
lang,12,CRASH,1045,4954,21.09% (1045/4954 instructions),56
lang,13,CRASH,213,5070,4.20% (213/5070 instructions),54
lang,14,CRASH,616,5052,12.19% (616/5052 instructions),54
lang,15,CRASH,116,5049,2.30% (116/5049 instructions),53
lang,16,CRASH,1201,5141,23.36% (1201/5141 instructions),55
lang,17,CRASH,531,5148,10.31% (531/5148 instructions),54
lang,18,NO_ARTIFACT,0,0,N/A (0/0),0
lang,19,CRASH,1227,5143,23.86% (1227/5143 instructions),54
lang,20,CRASH,1721,5164,33.33% (1721/5164 instructions),54
lang,21,CRASH,926,4992,18.55% (926/4992 instructions),56
lang,22,CRASH,214,4976,4.30% (214/4976 instructions),56
lang,23,CRASH,310,4889,6.34% (310/4889 instructions),56
lang,24,CRASH,1263,4889,25.83% (1263/4889 instructions),55
lang,25,NO_ARTIFACT,0,0,N/A (0/0),0
lang,26,CRASH,1011,4854,20.83% (1011/4854 instructions),55
lang,27,CRASH,613,4835,12.68% (613/4835 instructions),55
lang,28,CRASH,491,4835,10.16% (491/4835 instructions),57
lang,29,CRASH,1708,4811,35.50% (1708/4811 instructions),57
lang,30,CRASH,844,4685,18.01% (844/4685 instructions),58
lang,31,CRASH,1403,4637,30.26% (1403/4637 instructions),56
lang,32,CRASH,394,4646,8.48% (394/4646 instructions),55
lang,33,CRASH,491,4646,10.57% (491/4646 instructions),56
lang,34,CRASH,760,4646,16.36% (760/4646 instructions),56
lang,35,CRASH,583,4581,12.73% (583/4581 instructions),53
lang,36,CRASH,884,4581,19.30% (884/4581 instructions),52
lang,37,CRASH,724,4581,15.80% (724/4581 instructions),54
lang,38,CRASH,407,4581,8.88% (407/4581 instructions),54
lang,39,CRASH,886,4428,20.01% (886/4428 instructions),54
lang,40,CRASH,0,0,N/A (0/0),54
lang,41,CRASH,0,0,N/A (0/0),51
lang,42,CRASH,0,0,N/A (0/0),53
lang,43,CRASH,0,0,N/A (0/0),54
lang,44,CRASH,0,0,N/A (0/0),54
lang,45,CRASH,0,0,N/A (0/0),54
lang,46,CRASH,0,0,N/A (0/0),54
lang,47,CRASH,0,0,N/A (0/0),54
lang,48,NO_ARTIFACT,0,0,N/A (0/0),0
lang,49,CRASH,0,0,N/A (0/0),55
lang,50,CRASH,0,0,N/A (0/0),55
lang,51,CRASH,0,0,N/A (0/0),55
lang,52,CRASH,0,0,N/A (0/0),51
lang,53,CRASH,0,0,N/A (0/0),53
lang,54,CRASH,0,0,N/A (0/0),51
lang,55,CRASH,0,0,N/A (0/0),52
lang,56,CRASH,0,0,N/A (0/0),53
lang,57,CRASH,0,0,N/A (0/0),54
lang,58,CRASH,0,0,N/A (0/0),54
lang,59,CRASH,0,0,N/A (0/0),55
lang,60,CRASH,0,0,N/A (0/0),55
lang,61,CRASH,0,0,N/A (0/0),56
lang,62,CRASH,0,0,N/A (0/0),49
lang,63,CRASH,0,0,N/A (0/0),53
lang,64,CRASH,0,0,N/A (0/0),53
lang,65,CRASH,0,0,N/A (0/0),53
lang_f,1,NO_ARTIFACT,0,0,N/A (0/0),0
lang_f,2,NO_ARTIFACT,0,0,N/A (0/0),0
lang_f,3,NO_ARTIFACT,0,0,N/A (0/0),0
lang_f,4,NO_ARTIFACT,0,0,N/A (0/0),0
lang_f,5,NO_ARTIFACT,0,0,N/A (0/0),0
lang_f,6,NO_ARTIFACT,0,0,N/A (0/0),0
lang_f,7,NO_ARTIFACT,0,0,N/A (0/0),0
lang_f,8,NO_ARTIFACT,0,0,N/A (0/0),0
lang_f,9,NO_ARTIFACT,0,0,N/A (0/0),0
lang_f,10,NO_ARTIFACT,0,0,N/A (0/0),0
lang_f,11,NO_ARTIFACT,0,0,N/A (0/0),0
lang_f,12,NO_ARTIFACT,0,0,N/A (0/0),0
lang_f,13,NO_ARTIFACT,0,0,N/A (0/0),0
lang_f,14,NO_ARTIFACT,0,0,N/A (0/0),0
lang_f,15,NO_ARTIFACT,0,0,N/A (0/0),0
lang_f,16,NO_ARTIFACT,0,0,N/A (0/0),0
lang_f,17,NO_ARTIFACT,0,0,N/A (0/0),0
lang_f,18,NO_ARTIFACT,0,0,N/A (0/0),0
lang_f,19,NO_ARTIFACT,0,0,N/A (0/0),0
lang_f,20,NO_ARTIFACT,0,0,N/A (0/0),0
lang_f,21,NO_ARTIFACT,0,0,N/A (0/0),0
lang_f,22,NO_ARTIFACT,0,0,N/A (0/0),0
lang_f,23,NO_ARTIFACT,0,0,N/A (0/0),0
lang_f,24,NO_ARTIFACT,0,0,N/A (0/0),0
lang_f,25,NO_ARTIFACT,0,0,N/A (0/0),0
lang_f,26,NO_ARTIFACT,0,0,N/A (0/0),0
lang_f,27,NO_ARTIFACT,0,0,N/A (0/0),0
lang_f,28,NO_ARTIFACT,0,0,N/A (0/0),0
lang_f,29,NO_ARTIFACT,0,0,N/A (0/0),0
lang_f,30,NO_ARTIFACT,0,0,N/A (0/0),0
lang_f,31,NO_ARTIFACT,0,0,N/A (0/0),0
lang_f,32,NO_ARTIFACT,0,0,N/A (0/0),0
lang_f,33,NO_ARTIFACT,0,0,N/A (0/0),0
lang_f,34,NO_ARTIFACT,0,0,N/A (0/0),0
lang_f,35,NO_ARTIFACT,0,0,N/A (0/0),0
lang_f,36,NO_ARTIFACT,0,0,N/A (0/0),0
lang_f,37,NO_ARTIFACT,0,0,N/A (0/0),0
lang_f,38,NO_ARTIFACT,0,0,N/A (0/0),0
lang_f,39,NO_ARTIFACT,0,0,N/A (0/0),0
lang_f,40,NO_ARTIFACT,0,0,N/A (0/0),0
lang_f,41,NO_ARTIFACT,0,0,N/A (0/0),0
lang_f,42,NO_ARTIFACT,0,0,N/A (0/0),0
lang_f,43,NO_ARTIFACT,0,0,N/A (0/0),0
lang_f,44,NO_ARTIFACT,0,0,N/A (0/0),0
lang_f,45,NO_ARTIFACT,0,0,N/A (0/0),0
lang_f,46,NO_ARTIFACT,0,0,N/A (0/0),0
lang_f,47,NO_ARTIFACT,0,0,N/A (0/0),0
lang_f,48,NO_ARTIFACT,0,0,N/A (0/0),0
lang_f,49,NO_ARTIFACT,0,0,N/A (0/0),0
lang_f,50,NO_ARTIFACT,0,0,N/A (0/0),0
lang_f,51,NO_ARTIFACT,0,0,N/A (0/0),0
lang_f,52,NO_ARTIFACT,0,0,N/A (0/0),0
lang_f,53,NO_ARTIFACT,0,0,N/A (0/0),0
lang_f,54,NO_ARTIFACT,0,0,N/A (0/0),0
lang_f,55,NO_ARTIFACT,0,0,N/A (0/0),0
lang_f,56,NO_ARTIFACT,0,0,N/A (0/0),0
lang_f,57,NO_ARTIFACT,0,0,N/A (0/0),0
lang_f,58,NO_ARTIFACT,0,0,N/A (0/0),0
lang_f,59,NO_ARTIFACT,0,0,N/A (0/0),0
lang_f,60,NO_ARTIFACT,0,0,N/A (0/0),0
lang_f,61,NO_ARTIFACT,0,0,N/A (0/0),0
lang_f,62,NO_ARTIFACT,0,0,N/A (0/0),0
lang_f,63,NO_ARTIFACT,0,0,N/A (0/0),0
lang_f,64,NO_ARTIFACT,0,0,N/A (0/0),0
lang_f,65,NO_ARTIFACT,0,0,N/A (0/0),0
math,1,CRASH,455,563,80.82% (455/563 instructions),55
math,2,CRASH,455,563,80.82% (455/563 instructions),57
math,3,CRASH,447,563,79.40% (447/563 instructions),57
math,4,CRASH,456,563,80.99% (456/563 instructions),62
math,5,CRASH,455,563,80.82% (455/563 instructions),61
math,6,CRASH,441,563,78.33% (441/563 instructions),61
math,7,CRASH,455,563,80.82% (455/563 instructions),64
math,8,CRASH,459,563,81.53% (459/563 instructions),63
math,9,CRASH,459,563,81.53% (459/563 instructions),63
math,10,CRASH,465,563,82.59% (465/563 instructions),62
math,11,CRASH,454,563,80.64% (454/563 instructions),55
math,12,CRASH,450,563,79.93% (450/563 instructions),56
math,13,CRASH,452,563,80.28% (452/563 instructions),57
math,14,CRASH,455,563,80.82% (455/563 instructions),65
math,15,CRASH,455,563,80.82% (455/563 instructions),64
math,16,CRASH,449,563,79.75% (449/563 instructions),64
math,17,CRASH,444,563,78.86% (444/563 instructions),59
math,18,CRASH,455,563,80.82% (455/563 instructions),58
math,19,CRASH,459,563,81.53% (459/563 instructions),58
math,20,CRASH,455,563,80.82% (455/563 instructions),56
math,21,CRASH,429,535,80.19% (429/535 instructions),54
math,22,CRASH,429,547,78.43% (429/547 instructions),54
math,23,CRASH,426,547,77.88% (426/547 instructions),56
math,24,CRASH,419,535,78.32% (419/535 instructions),62
math,25,CRASH,414,535,77.38% (414/535 instructions),62
math,26,CRASH,403,536,75.19% (403/536 instructions),62
math,27,CRASH,426,536,79.48% (426/536 instructions),58
math,28,CRASH,418,536,77.99% (418/536 instructions),57
math,29,CRASH,424,536,79.10% (424/536 instructions),57
math,30,CRASH,420,536,78.36% (420/536 instructions),57
math,31,CRASH,409,536,76.31% (409/536 instructions),53
math,32,CRASH,418,536,77.99% (418/536 instructions),55
math,33,CRASH,423,536,78.92% (423/536 instructions),55
math,34,CRASH,410,529,77.50% (410/529 instructions),61
math,35,CRASH,413,529,78.07% (413/529 instructions),62
math,36,CRASH,0,0,N/A (0/0),63
math,37,CRASH,0,0,N/A (0/0),59
math,38,CRASH,0,0,N/A (0/0),59
math,39,CRASH,0,0,N/A (0/0),58
math,40,CRASH,0,0,N/A (0/0),59
math,41,CRASH,0,0,N/A (0/0),57
math,42,CRASH,0,0,N/A (0/0),57
math,43,CRASH,0,0,N/A (0/0),57
math,44,CRASH,0,0,N/A (0/0),63
math,45,LOAD_FAIL,0,0,N/A (0/0),62
math,46,LOAD_FAIL,0,0,N/A (0/0),62
math,48,LOAD_FAIL,0,0,N/A (0/0),55
math,49,LOAD_FAIL,0,0,N/A (0/0),55
math,50,LOAD_FAIL,0,0,N/A (0/0),54
math,51,LOAD_FAIL,0,0,N/A (0/0),51
math,52,LOAD_FAIL,0,0,N/A (0/0),52
math,53,LOAD_FAIL,0,0,N/A (0/0),53
math,54,LOAD_FAIL,0,0,N/A (0/0),57
math,55,LOAD_FAIL,0,0,N/A (0/0),57
math,56,LOAD_FAIL,0,0,N/A (0/0),57
math,57,LOAD_FAIL,0,0,N/A (0/0),54
math,58,LOAD_FAIL,0,0,N/A (0/0),53
math,59,LOAD_FAIL,0,0,N/A (0/0),53
math,60,LOAD_FAIL,0,0,N/A (0/0),53
math,61,LOAD_FAIL,0,0,N/A (0/0),52
math,62,LOAD_FAIL,0,0,N/A (0/0),53
math,63,LOAD_FAIL,0,0,N/A (0/0),53
math,64,LOAD_FAIL,0,0,N/A (0/0),56
math,65,LOAD_FAIL,0,0,N/A (0/0),56
math,66,LOAD_FAIL,0,0,N/A (0/0),56
math,67,LOAD_FAIL,0,0,N/A (0/0),53
math,68,LOAD_FAIL,0,0,N/A (0/0),55
math,69,LOAD_FAIL,0,0,N/A (0/0),53
math,70,LOAD_FAIL,0,0,N/A (0/0),54
math,71,LOAD_FAIL,0,0,N/A (0/0),51
math,72,LOAD_FAIL,0,0,N/A (0/0),54
math,73,LOAD_FAIL,0,0,N/A (0/0),55
math,74,LOAD_FAIL,0,0,N/A (0/0),56
math,75,LOAD_FAIL,0,0,N/A (0/0),56
math,76,LOAD_FAIL,0,0,N/A (0/0),56
math,77,LOAD_FAIL,0,0,N/A (0/0),54
math,78,LOAD_FAIL,0,0,N/A (0/0),57
math,79,LOAD_FAIL,0,0,N/A (0/0),57
math,80,LOAD_FAIL,0,0,N/A (0/0),56
math,81,LOAD_FAIL,0,0,N/A (0/0),49
math,82,LOAD_FAIL,0,0,N/A (0/0),54
math,83,LOAD_FAIL,0,0,N/A (0/0),57
math,84,LOAD_FAIL,0,0,N/A (0/0),56
math,85,LOAD_FAIL,0,0,N/A (0/0),56
math,86,LOAD_FAIL,0,0,N/A (0/0),56
math,87,LOAD_FAIL,0,0,N/A (0/0),52
math,88,LOAD_FAIL,0,0,N/A (0/0),55
math,89,LOAD_FAIL,0,0,N/A (0/0),55
math,90,LOAD_FAIL,0,0,N/A (0/0),56
math,91,LOAD_FAIL,0,0,N/A (0/0),47
math,92,LOAD_FAIL,0,0,N/A (0/0),53
math,93,LOAD_FAIL,0,0,N/A (0/0),53
math,94,LOAD_FAIL,0,0,N/A (0/0),54
math,95,LOAD_FAIL,0,0,N/A (0/0),54
math,96,LOAD_FAIL,0,0,N/A (0/0),54
math,97,LOAD_FAIL,0,0,N/A (0/0),49
math,98,LOAD_FAIL,0,0,N/A (0/0),52
math,99,LOAD_FAIL,0,0,N/A (0/0),53
math,100,LOAD_FAIL,0,0,N/A (0/0),53
math,101,LOAD_FAIL,0,0,N/A (0/0),46
math,102,LOAD_FAIL,0,0,N/A (0/0),51
math,103,LOAD_FAIL,0,0,N/A (0/0),52
math,104,LOAD_FAIL,0,0,N/A (0/0),52
math,105,LOAD_FAIL,0,0,N/A (0/0),52
math,106,LOAD_FAIL,0,0,N/A (0/0),52
mockito,1,CRASH,28,287,9.76% (28/287 instructions),75
mockito,3,CRASH,16,295,5.42% (16/295 instructions),75
mockito,4,CRASH,29,307,9.45% (29/307 instructions),75
mockito,5,CRASH,54,307,17.59% (54/307 instructions),73
mockito,6,CRASH,19,307,6.19% (19/307 instructions),76
mockito,7,CRASH,24,307,7.82% (24/307 instructions),75
mockito,8,CRASH,24,307,7.82% (24/307 instructions),75
mockito,9,CRASH,22,307,7.17% (22/307 instructions),73
mockito,10,CRASH,29,307,9.45% (29/307 instructions),75
mockito,11,CRASH,24,307,7.82% (24/307 instructions),66
mockito,12,CRASH,26,204,12.75% (26/204 instructions),65
mockito,13,CRASH,50,204,24.51% (50/204 instructions),65
mockito,14,CRASH,35,204,17.16% (35/204 instructions),67
mockito,15,CRASH,18,245,7.35% (18/245 instructions),64
mockito,16,CRASH,35,175,20.00% (35/175 instructions),66
mockito,17,CRASH,26,175,14.86% (26/175 instructions),63
mockito,18,CRASH,29,307,9.45% (29/307 instructions),65
mockito,19,CRASH,37,307,12.05% (37/307 instructions),66
mockito,20,CRASH,29,307,9.45% (29/307 instructions),65
mockito,21,CRASH,31,307,10.10% (31/307 instructions),57
mockito,22,CRASH,19,307,6.19% (19/307 instructions),56
mockito,23,CRASH,26,307,8.47% (26/307 instructions),56
mockito,24,CRASH,22,307,7.17% (22/307 instructions),57
mockito,25,CRASH,26,295,8.81% (26/295 instructions),56
mockito,26,CRASH,15,239,6.28% (15/239 instructions),58
mockito,27,CRASH,29,245,11.84% (29/245 instructions),56
mockito,28,CRASH,63,245,25.71% (63/245 instructions),57
mockito,29,CRASH,59,245,24.08% (59/245 instructions),57
mockito,30,CRASH,30,245,12.24% (30/245 instructions),57
mockito,31,CRASH,21,245,8.57% (21/245 instructions),60
mockito,32,CRASH,71,245,28.98% (71/245 instructions),62
mockito,33,CRASH,18,208,8.65% (18/208 instructions),63
mockito,34,CRASH,23,175,13.14% (23/175 instructions),62
mockito,35,CRASH,23,173,13.29% (23/173 instructions),64
mockito,36,CRASH,71,173,41.04% (71/173 instructions),64
mockito,37,CRASH,38,173,21.97% (38/173 instructions),63
mockito,38,NO_METHODS,0,172,0.00% (0/172 instructions),62
time,1,CRASH,61,1146,5.32% (61/1146 instructions),68
time,2,CRASH,82,1146,7.16% (82/1146 instructions),70
time,3,CRASH,52,1146,4.54% (52/1146 instructions),70
time,4,CRASH,32,1146,2.79% (32/1146 instructions),70
time,5,CRASH,130,1146,11.34% (130/1146 instructions),62
time,6,CRASH,250,1146,21.82% (250/1146 instructions),62
time,7,CRASH,52,1146,4.54% (52/1146 instructions),61
time,8,CRASH,32,1146,2.79% (32/1146 instructions),63
time,9,CRASH,118,1146,10.30% (118/1146 instructions),66
time,10,CRASH,89,1146,7.77% (89/1146 instructions),69
time,11,CRASH,170,1146,14.83% (170/1146 instructions),70
time,12,CRASH,60,1146,5.24% (60/1146 instructions),69
time,13,CRASH,66,1146,5.76% (66/1146 instructions),68
time,14,CRASH,52,1146,4.54% (52/1146 instructions),68
time,15,CRASH,133,1146,11.61% (133/1146 instructions),65
time,16,CRASH,119,1146,10.38% (119/1146 instructions),66
time,17,CRASH,134,1146,11.69% (134/1146 instructions),65
time,18,CRASH,50,1146,4.36% (50/1146 instructions),69
time,19,CRASH,39,1146,3.40% (39/1146 instructions),70
time,20,CRASH,95,1146,8.29% (95/1146 instructions),69
time,21,NO_ARTIFACT,0,0,N/A (0/0),0
time,22,CRASH,114,1112,10.25% (114/1112 instructions),69
time,23,CRASH,49,1112,4.41% (49/1112 instructions),68
time,24,CRASH,96,1090,8.81% (96/1090 instructions),70
time,25,CRASH,27,1090,2.48% (27/1090 instructions),68
time,26,CRASH,19,1090,1.74% (19/1090 instructions),60
time,27,CRASH,156,1081,14.43% (156/1081 instructions),62
